id,dev_eui,threshold_type_id,thresholdType,alertType,datecreated_utc,datecreated,Time,latitude,longitude,LPState,node,poleId,resolved,subpanel_id,resolved_date,user_id,jsonData,template_name,tln,subpanel_name,local_timezone,cableKit,duration,alertvalue,threshold_value,transformer_alimentador_835,user_name,X1 Highest Value,X2 Highest Value,X3 Highest Value,X1 Duration,X2 Duration,X3 Duration,x1_averagePeakValue,x2_averagePeakValue,x3_averagePeakValue
10111.0,862754053334016.0,8.0,AlertVoltageSwell2,Voltage Swell: 120/240/277V,02/01/2025 04:16:09 PM,02/01/2025 10:16:09 AM,02/01/2025 10:16:09 AM,13.746678,-89.362623,1.0,T63263,Nivel de piso,0.0,835.0,,,"{""data"":[{""phase"":1,""alertDuration"":256,""deviceTimestamp"":1738426566,""receivedAtTimestamp"":1738426565242,""value"":125.9,""customerId"":""646703"",""serverTimestamp"":1738426565335},{""phase"":2,""alertDuration"":256,""deviceTimestamp"":1738426566,""receivedAtTimestamp"":1738426566355,""value"":126.1,""customerId"":""646703"",""serverTimestamp"":1738426566356}],""msgType"":288,""msgStr"":""AlertAggregatedVoltageSwell120/240/277V"",""deviceTimestamp"":1738426566,""serverTimestamp"":1738426565335}",Vswell,T63263,AES El Salvador,America/El_Salvador (UTC/GMT -6:00),3.0,,0.0,7.0,,,125.9,,126.1,0.015,,0.015,,,
9800.0,862754053334016.0,8.0,AlertVoltageSwell2,Voltage Swell: 120/240/277V,02/01/2025 06:21:05 AM,02/01/2025 12:21:05 AM,02/01/2025 12:21:05 AM,13.746678,-89.362623,1.0,T63263,Nivel de piso,0.0,835.0,,,"{""data"":[{""phase"":2,""alertDuration"":256,""deviceTimestamp"":1738390861,""receivedAtTimestamp"":1738390861137,""value"":127.1,""customerId"":""646703"",""serverTimestamp"":1738390861139},{""phase"":2,""alertDuration"":256,""deviceTimestamp"":1738390862,""receivedAtTimestamp"":1738390862130,""value"":127.1,""customerId"":""646703"",""serverTimestamp"":1738390862132}],""msgType"":288,""msgStr"":""AlertAggregatedVoltageSwell120/240/277V"",""deviceTimestamp"":1738390861,""serverTimestamp"":1738390861139}",Vswell,T63263,AES El Salvador,America/El_Salvador (UTC/GMT -6:00),3.0,,0.0,7.0,,,,,127.1,,,0.015,,,
9805.0,862754053334016.0,8.0,AlertVoltageSwell2,Voltage Swell: 120/240/277V,02/01/2025 06:21:09 AM,02/01/2025 12:21:09 AM,02/01/2025 12:21:09 AM,13.746678,-89.362623,1.0,T63263,Nivel de piso,0.0,835.0,,,"{""data"":[{""phase"":2,""alertDuration"":33536,""deviceTimestamp"":1738390866,""receivedAtTimestamp"":1738390866069,""value"":127.1,""customerId"":""646703"",""serverTimestamp"":1738390866070},{""phase"":2,""alertDuration"":256,""deviceTimestamp"":1738390868,""receivedAtTimestamp"":1738390867671,""value"":127.1,""customerId"":""646703"",""serverTimestamp"":1738390867750},{""phase"":2,""alertDuration"":256,""deviceTimestamp"":1738390868,""receivedAtTimestamp"":1738390868271,""value"":127.1,""customerId"":""646703"",""serverTimestamp"":1738390868273}],""msgType"":288,""msgStr"":""AlertAggregatedVoltageSwell120/240/277V"",""deviceTimestamp"":1738390866,""serverTimestamp"":1738390866070}",Vswell,T63263,AES El Salvador,America/El_Salvador (UTC/GMT -6:00),3.0,,0.0,7.0,,,,,127.1,,,0.015,,,
9811.0,862754053334016.0,8.0,AlertVoltageSwell2,Voltage Swell: 120/240/277V,02/01/2025 06:21:12 AM,02/01/2025 12:21:12 AM,02/01/2025 12:21:12 AM,13.746678,-89.362623,1.0,T63263,Nivel de piso,0.0,835.0,,,"{""data"":[{""phase"":2,""alertDuration"":256,""deviceTimestamp"":1738390869,""receivedAtTimestamp"":1738390869869,""value"":127.1,""customerId"":""646703"",""serverTimestamp"":1738390869871},{""phase"":2,""alertDuration"":8576,""deviceTimestamp"":1738390870,""receivedAtTimestamp"":1738390870491,""value"":127.1,""customerId"":""646703"",""serverTimestamp"":1738390870493},{""phase"":2,""alertDuration"":384,""deviceTimestamp"":1738390871,""receivedAtTimestamp"":1738390871060,""value"":127.1,""customerId"":""646703"",""serverTimestamp"":1738390871062}],""msgType"":288,""msgStr"":""AlertAggregatedVoltageSwell120/240/277V"",""deviceTimestamp"":1738390869,""serverTimestamp"":1738390869871}",Vswell,T63263,AES El Salvador,America/El_Salvador (UTC/GMT -6:00),3.0,,0.0,7.0,,,,,127.1,,,0.023,,,
9813.0,862754053334016.0,8.0,AlertVoltageSwell2,Voltage Swell: 120/240/277V,02/01/2025 06:21:15 AM,02/01/2025 12:21:15 AM,02/01/2025 12:21:15 AM,13.746678,-89.362623,1.0,T63263,Nivel de piso,0.0,835.0,,,"{""data"":[{""phase"":2,""alertDuration"":256,""deviceTimestamp"":1738390872,""receivedAtTimestamp"":1738390872881,""value"":127.1,""customerId"":""646703"",""serverTimestamp"":1738390872972},{""phase"":2,""alertDuration"":50304,""deviceTimestamp"":1738390872,""receivedAtTimestamp"":1738390871711,""value"":127.1,""customerId"":""646703"",""serverTimestamp"":1738390871713}],""msgType"":288,""msgStr"":""AlertAggregatedVoltageSwell120/240/277V"",""deviceTimestamp"":1738390872,""serverTimestamp"":1738390871713}",Vswell,T63263,AES El Salvador,America/El_Salvador (UTC/GMT -6:00),3.0,,0.0,7.0,,,,,127.1,,,3.018,,,
9854.0,862754053334016.0,8.0,AlertVoltageSwell2,Voltage Swell: 120/240/277V,02/01/2025 06:22:32 AM,02/01/2025 12:22:32 AM,02/01/2025 12:22:32 AM,13.746678,-89.362623,1.0,T63263,Nivel de piso,0.0,835.0,,,"{""data"":[{""phase"":2,""alertDuration"":256,""deviceTimestamp"":46922,""receivedAtTimestamp"":1738390952424,""value"":127.2,""customerId"":""646703"",""serverTimestamp"":1738390952425}],""msgType"":288,""msgStr"":""AlertAggregatedVoltageSwell120/240/277V"",""deviceTimestamp"":46922,""serverTimestamp"":1738390952425}",Vswell,T63263,AES El Salvador,America/El_Salvador (UTC/GMT -6:00),3.0,,0.0,7.0,,,,,127.2,,,0.015,,,
9860.0,862754053334016.0,8.0,AlertVoltageSwell2,Voltage Swell: 120/240/277V,02/01/2025 06:22:35 AM,02/01/2025 12:22:35 AM,02/01/2025 12:22:35 AM,13.746678,-89.362623,1.0,T63263,Nivel de piso,0.0,835.0,,,"{""data"":[{""phase"":2,""alertDuration"":256,""deviceTimestamp"":52125,""receivedAtTimestamp"":1738390954110,""value"":127.1,""customerId"":""646703"",""serverTimestamp"":1738390954204}],""msgType"":288,""msgStr"":""AlertAggregatedVoltageSwell120/240/277V"",""deviceTimestamp"":52125,""serverTimestamp"":1738390954204}",Vswell,T63263,AES El Salvador,America/El_Salvador (UTC/GMT -6:00),3.0,,0.0,7.0,,,,,127.1,,,0.015,,,
9864.0,862754053334016.0,8.0,AlertVoltageSwell2,Voltage Swell: 120/240/277V,02/01/2025 06:22:36 AM,02/01/2025 12:22:36 AM,02/01/2025 12:22:36 AM,13.746678,-89.362623,1.0,T63263,Nivel de piso,0.0,835.0,,,"{""data"":[{""phase"":2,""alertDuration"":256,""deviceTimestamp"":45869,""receivedAtTimestamp"":1738390955932,""value"":127.2,""customerId"":""646703"",""serverTimestamp"":1738390955934}],""msgType"":288,""msgStr"":""AlertAggregatedVoltageSwell120/240/277V"",""deviceTimestamp"":45869,""serverTimestamp"":1738390955934}",Vswell,T63263,AES El Salvador,America/El_Salvador (UTC/GMT -6:00),3.0,,0.0,7.0,,,,,127.2,,,0.015,,,
9868.0,862754053334016.0,8.0,AlertVoltageSwell2,Voltage Swell: 120/240/277V,02/01/2025 06:22:38 AM,02/01/2025 12:22:38 AM,02/01/2025 12:22:38 AM,13.746678,-89.362623,1.0,T63263,Nivel de piso,0.0,835.0,,,"{""data"":[{""phase"":2,""alertDuration"":256,""deviceTimestamp"":44717,""receivedAtTimestamp"":1738390957141,""value"":127.2,""customerId"":""646703"",""serverTimestamp"":1738390957143}],""msgType"":288,""msgStr"":""AlertAggregatedVoltageSwell120/240/277V"",""deviceTimestamp"":44717,""serverTimestamp"":1738390957143}",Vswell,T63263,AES El Salvador,America/El_Salvador (UTC/GMT -6:00),3.0,,0.0,7.0,,,,,127.2,,,0.015,,,
9871.0,862754053334016.0,8.0,AlertVoltageSwell2,Voltage Swell: 120/240/277V,02/01/2025 06:22:41 AM,02/01/2025 12:22:41 AM,02/01/2025 12:22:41 AM,13.746678,-89.362623,1.0,T63263,Nivel de piso,0.0,835.0,,,"{""data"":[{""phase"":2,""alertDuration"":256,""deviceTimestamp"":58703,""receivedAtTimestamp"":1738390959932,""value"":127.1,""customerId"":""646703"",""serverTimestamp"":1738390959934}],""msgType"":288,""msgStr"":""AlertAggregatedVoltageSwell120/240/277V"",""deviceTimestamp"":58703,""serverTimestamp"":1738390959934}",Vswell,T63263,AES El Salvador,America/El_Salvador (UTC/GMT -6:00),3.0,,0.0,7.0,,,,,127.1,,,0.015,,,
9873.0,862754053334016.0,8.0,AlertVoltageSwell2,Voltage Swell: 120/240/277V,02/01/2025 06:22:42 AM,02/01/2025 12:22:42 AM,02/01/2025 12:22:42 AM,13.746678,-89.362623,1.0,T63263,Nivel de piso,0.0,835.0,,,"{""data"":[{""phase"":2,""alertDuration"":256,""deviceTimestamp"":60555,""receivedAtTimestamp"":1738390962253,""value"":127.1,""customerId"":""646703"",""serverTimestamp"":1738390962255}],""msgType"":288,""msgStr"":""AlertAggregatedVoltageSwell120/240/277V"",""deviceTimestamp"":60555,""serverTimestamp"":1738390962255}",Vswell,T63263,AES El Salvador,America/El_Salvador (UTC/GMT -6:00),3.0,,0.0,7.0,,,,,127.1,,,0.015,,,
9878.0,862754053334016.0,8.0,AlertVoltageSwell2,Voltage Swell: 120/240/277V,02/01/2025 06:22:47 AM,02/01/2025 12:22:47 AM,02/01/2025 12:22:47 AM,13.746678,-89.362623,1.0,T63263,Nivel de piso,0.0,835.0,,,"{""data"":[{""phase"":2,""alertDuration"":256,""deviceTimestamp"":1738390964,""receivedAtTimestamp"":1738390963751,""value"":127.1,""customerId"":""646703"",""serverTimestamp"":1738390964002},{""phase"":2,""alertDuration"":256,""deviceTimestamp"":1738390966,""receivedAtTimestamp"":1738390965852,""value"":127.1,""customerId"":""646703"",""serverTimestamp"":1738390965854}],""msgType"":288,""msgStr"":""AlertAggregatedVoltageSwell120/240/277V"",""deviceTimestamp"":1738390964,""serverTimestamp"":1738390964002}",Vswell,T63263,AES El Salvador,America/El_Salvador (UTC/GMT -6:00),3.0,,0.0,7.0,,,,,127.1,,,0.015,,,
9884.0,862754053334016.0,8.0,AlertVoltageSwell2,Voltage Swell: 120/240/277V,02/01/2025 06:22:53 AM,02/01/2025 12:22:53 AM,02/01/2025 12:22:53 AM,13.746678,-89.362623,1.0,T63263,Nivel de piso,0.0,835.0,,,"{""data"":[{""phase"":2,""alertDuration"":256,""deviceTimestamp"":1738390969,""receivedAtTimestamp"":1738390968664,""value"":127.1,""customerId"":""646703"",""serverTimestamp"":1738390968666},{""phase"":2,""alertDuration"":256,""deviceTimestamp"":1738390970,""receivedAtTimestamp"":1738390969773,""value"":127.1,""customerId"":""646703"",""serverTimestamp"":1738390969775}],""msgType"":288,""msgStr"":""AlertAggregatedVoltageSwell120/240/277V"",""deviceTimestamp"":1738390969,""serverTimestamp"":1738390968666}",Vswell,T63263,AES El Salvador,America/El_Salvador (UTC/GMT -6:00),3.0,,0.0,7.0,,,,,127.1,,,0.015,,,
9891.0,862754053334016.0,8.0,AlertVoltageSwell2,Voltage Swell: 120/240/277V,02/01/2025 06:22:59 AM,02/01/2025 12:22:59 AM,02/01/2025 12:22:59 AM,13.746678,-89.362623,1.0,T63263,Nivel de piso,0.0,835.0,,,"{""data"":[{""phase"":2,""alertDuration"":256,""deviceTimestamp"":1738390975,""receivedAtTimestamp"":1738390974183,""value"":127,""customerId"":""646703"",""serverTimestamp"":1738390974185},{""phase"":2,""alertDuration"":256,""deviceTimestamp"":1738390975,""receivedAtTimestamp"":1738390974794,""value"":127.1,""customerId"":""646703"",""serverTimestamp"":1738390974796},{""phase"":2,""alertDuration"":256,""deviceTimestamp"":1738390976,""receivedAtTimestamp"":1738390975391,""value"":127,""customerId"":""646703"",""serverTimestamp"":1738390975393},{""phase"":2,""alertDuration"":256,""deviceTimestamp"":1738390977,""receivedAtTimestamp"":1738390975994,""value"":127.1,""customerId"":""646703"",""serverTimestamp"":1738390975996},{""phase"":2,""alertDuration"":256,""deviceTimestamp"":1738390977,""receivedAtTimestamp"":1738390977122,""value"":127.1,""customerId"":""646703"",""serverTimestamp"":1738390977124}],""msgType"":288,""msgStr"":""AlertAggregatedVoltageSwell120/240/277V"",""deviceTimestamp"":1738390975,""serverTimestamp"":1738390974185}",Vswell,T63263,AES El Salvador,America/El_Salvador (UTC/GMT -6:00),3.0,,0.0,7.0,,,,,127.1,,,0.015,,,
9897.0,862754053334016.0,8.0,AlertVoltageSwell2,Voltage Swell: 120/240/277V,02/01/2025 06:23:03 AM,02/01/2025 12:23:03 AM,02/01/2025 12:23:03 AM,13.746678,-89.362623,1.0,T63263,Nivel de piso,0.0,835.0,,,"{""data"":[{""phase"":2,""alertDuration"":256,""deviceTimestamp"":1738390980,""receivedAtTimestamp"":1738390980120,""value"":127.1,""customerId"":""646703"",""serverTimestamp"":1738390980122},{""phase"":2,""alertDuration"":256,""deviceTimestamp"":1738390981,""receivedAtTimestamp"":1738390980634,""value"":127.1,""customerId"":""646703"",""serverTimestamp"":1738390980636},{""phase"":2,""alertDuration"":256,""deviceTimestamp"":1738390982,""receivedAtTimestamp"":1738390981244,""value"":127.1,""customerId"":""646703"",""serverTimestamp"":1738390981295},{""phase"":2,""alertDuration"":256,""deviceTimestamp"":1738390982,""receivedAtTimestamp"":1738390981881,""value"":127.1,""customerId"":""646703"",""serverTimestamp"":1738390981884}],""msgType"":288,""msgStr"":""AlertAggregatedVoltageSwell120/240/277V"",""deviceTimestamp"":1738390980,""serverTimestamp"":1738390980122}",Vswell,T63263,AES El Salvador,America/El_Salvador (UTC/GMT -6:00),3.0,,0.0,7.0,,,,,127.1,,,0.015,,,
10643.0,862754053334016.0,8.0,AlertVoltageSwell2,Voltage Swell: 120/240/277V,02/02/2025 01:31:46 PM,02/02/2025 07:31:46 AM,02/02/2025 07:31:46 AM,13.746678,-89.362623,1.0,T63263,Nivel de piso,0.0,835.0,,,"{""data"":[{""phase"":2,""alertDuration"":256,""deviceTimestamp"":39499,""receivedAtTimestamp"":1738503104801,""value"":127,""customerId"":""646703"",""serverTimestamp"":1738503104802}],""msgType"":288,""msgStr"":""AlertAggregatedVoltageSwell120/240/277V"",""deviceTimestamp"":39499,""serverTimestamp"":1738503104802}",Vswell,T63263,AES El Salvador,America/El_Salvador (UTC/GMT -6:00),3.0,,0.0,7.0,,,,,127.0,,,0.015,,,
10645.0,862754053334016.0,8.0,AlertVoltageSwell2,Voltage Swell: 120/240/277V,02/02/2025 01:31:47 PM,02/02/2025 07:31:47 AM,02/02/2025 07:31:47 AM,13.746678,-89.362623,1.0,T63263,Nivel de piso,0.0,835.0,,,"{""data"":[{""phase"":2,""alertDuration"":384,""deviceTimestamp"":38497,""receivedAtTimestamp"":1738503107102,""value"":127,""customerId"":""646703"",""serverTimestamp"":1738503107104}],""msgType"":288,""msgStr"":""AlertAggregatedVoltageSwell120/240/277V"",""deviceTimestamp"":38497,""serverTimestamp"":1738503107104}",Vswell,T63263,AES El Salvador,America/El_Salvador (UTC/GMT -6:00),3.0,,0.0,7.0,,,,,127.0,,,0.023,,,
10650.0,862754053334016.0,8.0,AlertVoltageSwell2,Voltage Swell: 120/240/277V,02/02/2025 01:31:49 PM,02/02/2025 07:31:49 AM,02/02/2025 07:31:49 AM,13.746678,-89.362623,1.0,T63263,Nivel de piso,0.0,835.0,,,"{""data"":[{""phase"":2,""alertDuration"":256,""deviceTimestamp"":38096,""receivedAtTimestamp"":1738503107693,""value"":127,""customerId"":""646703"",""serverTimestamp"":1738503107695}],""msgType"":288,""msgStr"":""AlertAggregatedVoltageSwell120/240/277V"",""deviceTimestamp"":38096,""serverTimestamp"":1738503107695}",Vswell,T63263,AES El Salvador,America/El_Salvador (UTC/GMT -6:00),3.0,,0.0,7.0,,,,,127.0,,,0.015,,,
10660.0,862754053334016.0,8.0,AlertVoltageSwell2,Voltage Swell: 120/240/277V,02/02/2025 01:31:53 PM,02/02/2025 07:31:53 AM,02/02/2025 07:31:53 AM,13.746678,-89.362623,1.0,T63263,Nivel de piso,0.0,835.0,,,"{""data"":[{""phase"":2,""alertDuration"":256,""deviceTimestamp"":1738503110,""receivedAtTimestamp"":1738503109983,""value"":126.9,""customerId"":""646703"",""serverTimestamp"":1738503109985},{""phase"":2,""alertDuration"":256,""deviceTimestamp"":1738503111,""receivedAtTimestamp"":1738503110603,""value"":126.9,""customerId"":""646703"",""serverTimestamp"":1738503110604},{""phase"":2,""alertDuration"":384,""deviceTimestamp"":1738503111,""receivedAtTimestamp"":1738503111211,""value"":127,""customerId"":""646703"",""serverTimestamp"":1738503111336},{""phase"":2,""alertDuration"":256,""deviceTimestamp"":1738503112,""receivedAtTimestamp"":1738503111813,""value"":127,""customerId"":""646703"",""serverTimestamp"":1738503111846}],""msgType"":288,""msgStr"":""AlertAggregatedVoltageSwell120/240/277V"",""deviceTimestamp"":1738503110,""serverTimestamp"":1738503109985}",Vswell,T63263,AES El Salvador,America/El_Salvador (UTC/GMT -6:00),3.0,,0.0,7.0,,,,,127.0,,,0.015,,,
10672.0,862754053334016.0,8.0,AlertVoltageSwell2,Voltage Swell: 120/240/277V,02/02/2025 01:31:58 PM,02/02/2025 07:31:58 AM,02/02/2025 07:31:58 AM,13.746678,-89.362623,1.0,T63263,Nivel de piso,0.0,835.0,,,"{""data"":[{""phase"":2,""alertDuration"":33664,""deviceTimestamp"":1738503114,""receivedAtTimestamp"":1738503113513,""value"":127.1,""customerId"":""646703"",""serverTimestamp"":1738503113516},{""phase"":2,""alertDuration"":256,""deviceTimestamp"":1738503115,""receivedAtTimestamp"":1738503114612,""value"":126.9,""customerId"":""646703"",""serverTimestamp"":1738503114666},{""phase"":2,""alertDuration"":384,""deviceTimestamp"":1738503115,""receivedAtTimestamp"":1738503115223,""value"":127,""customerId"":""646703"",""serverTimestamp"":1738503115225},{""phase"":1,""alertDuration"":256,""deviceTimestamp"":1738503116,""receivedAtTimestamp"":1738503115832,""value"":127.1,""customerId"":""646703"",""serverTimestamp"":1738503115834},{""phase"":2,""alertDuration"":256,""deviceTimestamp"":1738503116,""receivedAtTimestamp"":1738503117041,""value"":127,""customerId"":""646703"",""serverTimestamp"":1738503117043}],""msgType"":288,""msgStr"":""AlertAggregatedVoltageSwell120/240/277V"",""deviceTimestamp"":1738503114,""serverTimestamp"":1738503113516}",Vswell,T63263,AES El Salvador,America/El_Salvador (UTC/GMT -6:00),3.0,,0.0,7.0,,,127.1,,127.0,0.015,,0.015,,,
10685.0,862754053334016.0,8.0,AlertVoltageSwell2,Voltage Swell: 120/240/277V,02/02/2025 01:32:02 PM,02/02/2025 07:32:02 AM,02/02/2025 07:32:02 AM,13.746678,-89.362623,1.0,T63263,Nivel de piso,0.0,835.0,,,"{""data"":[{""phase"":2,""alertDuration"":6475136,""deviceTimestamp"":1738503119,""receivedAtTimestamp"":1738503118243,""value"":127.1,""customerId"":""646703"",""serverTimestamp"":1738503118272},{""phase"":2,""alertDuration"":8576,""deviceTimestamp"":1738503119,""receivedAtTimestamp"":1738503118855,""value"":127,""customerId"":""646703"",""serverTimestamp"":1738503118856},{""phase"":2,""alertDuration"":25216,""deviceTimestamp"":1738503120,""receivedAtTimestamp"":1738503119444,""value"":127.1,""customerId"":""646703"",""serverTimestamp"":1738503119549},{""phase"":2,""alertDuration"":256,""deviceTimestamp"":1738503120,""receivedAtTimestamp"":1738503120052,""value"":127,""customerId"":""646703"",""serverTimestamp"":1738503120119},{""phase"":2,""alertDuration"":256,""deviceTimestamp"":1738503121,""receivedAtTimestamp"":1738503120664,""value"":126.9,""customerId"":""646703"",""serverTimestamp"":1738503120666}],""msgType"":288,""msgStr"":""AlertAggregatedVoltageSwell120/240/277V"",""deviceTimestamp"":1738503119,""serverTimestamp"":1738503118272}",Vswell,T63263,AES El Salvador,America/El_Salvador (UTC/GMT -6:00),3.0,,0.0,7.0,,,,,126.9,,,0.015,,,
10876.0,862754053334016.0,8.0,AlertVoltageSwell2,Voltage Swell: 120/240/277V,02/02/2025 01:37:17 PM,02/02/2025 07:37:17 AM,02/02/2025 07:37:17 AM,13.746678,-89.362623,1.0,T63263,Nivel de piso,0.0,835.0,,,"{""data"":[{""phase"":2,""alertDuration"":256,""deviceTimestamp"":1738503271,""receivedAtTimestamp"":1738503436675,""value"":126.9,""customerId"":""646703"",""serverTimestamp"":1738503436677}],""msgType"":288,""msgStr"":""AlertAggregatedVoltageSwell120/240/277V"",""deviceTimestamp"":1738503271,""serverTimestamp"":1738503436677}",Vswell,T63263,AES El Salvador,America/El_Salvador (UTC/GMT -6:00),3.0,,0.0,7.0,,,,,126.9,,,0.015,,,
10150.0,862754053334016.0,8.0,AlertVoltageSwell2,Voltage Swell: 120/240/277V,02/02/2025 01:44:33 AM,02/01/2025 07:44:33 PM,02/01/2025 07:44:33 PM,13.746678,-89.362623,1.0,T63263,Nivel de piso,0.0,835.0,,,"{""data"":[{""phase"":2,""alertDuration"":256,""deviceTimestamp"":1738460670,""receivedAtTimestamp"":1738460669610,""value"":126.5,""customerId"":""646703"",""serverTimestamp"":1738460669726}],""msgType"":288,""msgStr"":""AlertAggregatedVoltageSwell120/240/277V"",""deviceTimestamp"":1738460670,""serverTimestamp"":1738460669726}",Vswell,T63263,AES El Salvador,America/El_Salvador (UTC/GMT -6:00),3.0,,0.0,7.0,,,,,126.5,,,0.015,,,
10153.0,862754053334016.0,8.0,AlertVoltageSwell2,Voltage Swell: 120/240/277V,02/02/2025 01:44:46 AM,02/01/2025 07:44:46 PM,02/01/2025 07:44:46 PM,13.746678,-89.362623,1.0,T63263,Nivel de piso,0.0,835.0,,,"{""data"":[{""phase"":2,""alertDuration"":384,""deviceTimestamp"":1738460683,""receivedAtTimestamp"":1738460682719,""value"":126.4,""customerId"":""646703"",""serverTimestamp"":1738460682721},{""phase"":2,""alertDuration"":256,""deviceTimestamp"":1738460684,""receivedAtTimestamp"":1738460683820,""value"":126.3,""customerId"":""646703"",""serverTimestamp"":1738460683821}],""msgType"":288,""msgStr"":""AlertAggregatedVoltageSwell120/240/277V"",""deviceTimestamp"":1738460683,""serverTimestamp"":1738460682721}",Vswell,T63263,AES El Salvador,America/El_Salvador (UTC/GMT -6:00),3.0,,0.0,7.0,,,,,126.3,,,0.015,,,
10158.0,862754053334016.0,8.0,AlertVoltageSwell2,Voltage Swell: 120/240/277V,02/02/2025 01:54:51 AM,02/01/2025 07:54:51 PM,02/01/2025 07:54:51 PM,13.746678,-89.362623,1.0,T63263,Nivel de piso,0.0,835.0,,,"{""data"":[{""phase"":2,""alertDuration"":256,""deviceTimestamp"":1738461288,""receivedAtTimestamp"":1738461287846,""value"":126.4,""customerId"":""646703"",""serverTimestamp"":1738461287948}],""msgType"":288,""msgStr"":""AlertAggregatedVoltageSwell120/240/277V"",""deviceTimestamp"":1738461288,""serverTimestamp"":1738461287948}",Vswell,T63263,AES El Salvador,America/El_Salvador (UTC/GMT -6:00),3.0,,0.0,7.0,,,,,126.4,,,0.015,,,
10162.0,862754053334016.0,8.0,AlertVoltageSwell2,Voltage Swell: 120/240/277V,02/02/2025 01:55:00 AM,02/01/2025 07:55:00 PM,02/01/2025 07:55:00 PM,13.746678,-89.362623,1.0,T63263,Nivel de piso,0.0,835.0,,,"{""data"":[{""phase"":2,""alertDuration"":256,""deviceTimestamp"":1738461297,""receivedAtTimestamp"":1738461296536,""value"":126.4,""customerId"":""646703"",""serverTimestamp"":1738461296537},{""phase"":2,""alertDuration"":256,""deviceTimestamp"":1738461299,""receivedAtTimestamp"":1738461298775,""value"":126.4,""customerId"":""646703"",""serverTimestamp"":1738461298777}],""msgType"":288,""msgStr"":""AlertAggregatedVoltageSwell120/240/277V"",""deviceTimestamp"":1738461297,""serverTimestamp"":1738461296537}",Vswell,T63263,AES El Salvador,America/El_Salvador (UTC/GMT -6:00),3.0,,0.0,7.0,,,,,126.4,,,0.015,,,
10164.0,862754053334016.0,8.0,AlertVoltageSwell2,Voltage Swell: 120/240/277V,02/02/2025 01:55:10 AM,02/01/2025 07:55:10 PM,02/01/2025 07:55:10 PM,13.746678,-89.362623,1.0,T63263,Nivel de piso,0.0,835.0,,,"{""data"":[{""phase"":2,""alertDuration"":256,""deviceTimestamp"":1738461307,""receivedAtTimestamp"":1738461306991,""value"":126.3,""customerId"":""646703"",""serverTimestamp"":1738461307004}],""msgType"":288,""msgStr"":""AlertAggregatedVoltageSwell120/240/277V"",""deviceTimestamp"":1738461307,""serverTimestamp"":1738461307004}",Vswell,T63263,AES El Salvador,America/El_Salvador (UTC/GMT -6:00),3.0,,0.0,7.0,,,,,126.3,,,0.015,,,
10168.0,862754053334016.0,8.0,AlertVoltageSwell2,Voltage Swell: 120/240/277V,02/02/2025 01:55:27 AM,02/01/2025 07:55:27 PM,02/01/2025 07:55:27 PM,13.746678,-89.362623,1.0,T63263,Nivel de piso,0.0,835.0,,,"{""data"":[{""phase"":2,""alertDuration"":256,""deviceTimestamp"":1738461323,""receivedAtTimestamp"":1738461323424,""value"":126.4,""customerId"":""646703"",""serverTimestamp"":1738461323584},{""phase"":2,""alertDuration"":256,""deviceTimestamp"":1738461324,""receivedAtTimestamp"":1738461323885,""value"":126.4,""customerId"":""646703"",""serverTimestamp"":1738461324042}],""msgType"":288,""msgStr"":""AlertAggregatedVoltageSwell120/240/277V"",""deviceTimestamp"":1738461323,""serverTimestamp"":1738461323584}",Vswell,T63263,AES El Salvador,America/El_Salvador (UTC/GMT -6:00),3.0,,0.0,7.0,,,,,126.4,,,0.015,,,
10176.0,862754053334016.0,8.0,AlertVoltageSwell2,Voltage Swell: 120/240/277V,02/02/2025 01:55:51 AM,02/01/2025 07:55:51 PM,02/01/2025 07:55:51 PM,13.746678,-89.362623,1.0,T63263,Nivel de piso,0.0,835.0,,,"{""data"":[{""phase"":2,""alertDuration"":384,""deviceTimestamp"":1738461347,""receivedAtTimestamp"":1738461346188,""value"":126.4,""customerId"":""646703"",""serverTimestamp"":1738461346189}],""msgType"":288,""msgStr"":""AlertAggregatedVoltageSwell120/240/277V"",""deviceTimestamp"":1738461347,""serverTimestamp"":1738461346189}",Vswell,T63263,AES El Salvador,America/El_Salvador (UTC/GMT -6:00),3.0,,0.0,7.0,,,,,126.4,,,0.023,,,
10192.0,862754053334016.0,8.0,AlertVoltageSwell2,Voltage Swell: 120/240/277V,02/02/2025 01:55:57 AM,02/01/2025 07:55:57 PM,02/01/2025 07:55:57 PM,13.746678,-89.362623,1.0,T63263,Nivel de piso,0.0,835.0,,,"{""data"":[{""phase"":2,""alertDuration"":256,""deviceTimestamp"":1738461354,""receivedAtTimestamp"":1738461353799,""value"":126.4,""customerId"":""646703"",""serverTimestamp"":1738461353909},{""phase"":2,""alertDuration"":256,""deviceTimestamp"":1738461355,""receivedAtTimestamp"":1738461354399,""value"":126.4,""customerId"":""646703"",""serverTimestamp"":1738461354401},{""phase"":2,""alertDuration"":58496,""deviceTimestamp"":1738461355,""receivedAtTimestamp"":1738461355000,""value"":126.5,""customerId"":""646703"",""serverTimestamp"":1738461355002},{""phase"":2,""alertDuration"":256,""deviceTimestamp"":1738461356,""receivedAtTimestamp"":1738461355609,""value"":126.4,""customerId"":""646703"",""serverTimestamp"":1738461355611}],""msgType"":288,""msgStr"":""AlertAggregatedVoltageSwell120/240/277V"",""deviceTimestamp"":1738461354,""serverTimestamp"":1738461353909}",Vswell,T63263,AES El Salvador,America/El_Salvador (UTC/GMT -6:00),3.0,,0.0,7.0,,,,,126.4,,,0.015,,,
10194.0,862754053334016.0,8.0,AlertVoltageSwell2,Voltage Swell: 120/240/277V,02/02/2025 01:56:01 AM,02/01/2025 07:56:01 PM,02/01/2025 07:56:01 PM,13.746678,-89.362623,1.0,T63263,Nivel de piso,0.0,835.0,,,"{""data"":[{""phase"":2,""alertDuration"":2937728,""deviceTimestamp"":1738461358,""receivedAtTimestamp"":1738461358309,""value"":126.5,""customerId"":""646703"",""serverTimestamp"":1738461358311}],""msgType"":288,""msgStr"":""AlertAggregatedVoltageSwell120/240/277V"",""deviceTimestamp"":1738461358,""serverTimestamp"":1738461358311}",Vswell,T63263,AES El Salvador,America/El_Salvador (UTC/GMT -6:00),3.0,,0.0,7.0,,,,,126.5,,,176.26,,,
11008.0,862754053334016.0,8.0,AlertVoltageSwell2,Voltage Swell: 120/240/277V,02/02/2025 01:56:02 PM,02/02/2025 07:56:02 AM,02/02/2025 07:56:02 AM,13.746678,-89.362623,1.0,T63263,Nivel de piso,0.0,835.0,,,"{""data"":[{""phase"":2,""alertDuration"":256,""deviceTimestamp"":1738504559,""receivedAtTimestamp"":1738504558909,""value"":127,""customerId"":""646703"",""serverTimestamp"":1738504558930}],""msgType"":288,""msgStr"":""AlertAggregatedVoltageSwell120/240/277V"",""deviceTimestamp"":1738504559,""serverTimestamp"":1738504558930}",Vswell,T63263,AES El Salvador,America/El_Salvador (UTC/GMT -6:00),3.0,,0.0,7.0,,,,,127.0,,,0.015,,,
10197.0,862754053334016.0,8.0,AlertVoltageSwell2,Voltage Swell: 120/240/277V,02/02/2025 01:56:07 AM,02/01/2025 07:56:07 PM,02/01/2025 07:56:07 PM,13.746678,-89.362623,1.0,T63263,Nivel de piso,0.0,835.0,,,"{""data"":[{""phase"":2,""alertDuration"":256,""deviceTimestamp"":1738461364,""receivedAtTimestamp"":1738461364469,""value"":126.4,""customerId"":""646703"",""serverTimestamp"":1738461364554},{""phase"":2,""alertDuration"":256,""deviceTimestamp"":1738461366,""receivedAtTimestamp"":1738461365078,""value"":126.5,""customerId"":""646703"",""serverTimestamp"":1738461365080}],""msgType"":288,""msgStr"":""AlertAggregatedVoltageSwell120/240/277V"",""deviceTimestamp"":1738461364,""serverTimestamp"":1738461364554}",Vswell,T63263,AES El Salvador,America/El_Salvador (UTC/GMT -6:00),3.0,,0.0,7.0,,,,,126.5,,,0.015,,,
11011.0,862754053334016.0,8.0,AlertVoltageSwell2,Voltage Swell: 120/240/277V,02/02/2025 01:56:07 PM,02/02/2025 07:56:07 AM,02/02/2025 07:56:07 AM,13.746678,-89.362623,1.0,T63263,Nivel de piso,0.0,835.0,,,"{""data"":[{""phase"":2,""alertDuration"":256,""deviceTimestamp"":1738504564,""receivedAtTimestamp"":1738504563508,""value"":127,""customerId"":""646703"",""serverTimestamp"":1738504563721},{""phase"":2,""alertDuration"":256,""deviceTimestamp"":1738504564,""receivedAtTimestamp"":1738504564108,""value"":126.9,""customerId"":""646703"",""serverTimestamp"":1738504564109}],""msgType"":288,""msgStr"":""AlertAggregatedVoltageSwell120/240/277V"",""deviceTimestamp"":1738504564,""serverTimestamp"":1738504563721}",Vswell,T63263,AES El Salvador,America/El_Salvador (UTC/GMT -6:00),3.0,,0.0,7.0,,,,,126.9,,,0.015,,,
10207.0,862754053334016.0,8.0,AlertVoltageSwell2,Voltage Swell: 120/240/277V,02/02/2025 01:56:15 AM,02/01/2025 07:56:15 PM,02/01/2025 07:56:15 PM,13.746678,-89.362623,1.0,T63263,Nivel de piso,0.0,835.0,,,"{""data"":[{""phase"":2,""alertDuration"":256,""deviceTimestamp"":1738461371,""receivedAtTimestamp"":1738461371337,""value"":126.5,""customerId"":""646703"",""serverTimestamp"":1738461371393},{""phase"":2,""alertDuration"":384,""deviceTimestamp"":1738461372,""receivedAtTimestamp"":1738461371769,""value"":126.4,""customerId"":""646703"",""serverTimestamp"":1738461371854},{""phase"":2,""alertDuration"":256,""deviceTimestamp"":1738461373,""receivedAtTimestamp"":1738461372999,""value"":126.5,""customerId"":""646703"",""serverTimestamp"":1738461373112},{""phase"":2,""alertDuration"":6483456,""deviceTimestamp"":1738461373,""receivedAtTimestamp"":1738461372379,""value"":126.5,""customerId"":""646703"",""serverTimestamp"":1738461372380}],""msgType"":288,""msgStr"":""AlertAggregatedVoltageSwell120/240/277V"",""deviceTimestamp"":1738461371,""serverTimestamp"":1738461371393}",Vswell,T63263,AES El Salvador,America/El_Salvador (UTC/GMT -6:00),3.0,,0.0,7.0,,,,,126.5,,,389.0,,,
10213.0,862754053334016.0,8.0,AlertVoltageSwell2,Voltage Swell: 120/240/277V,02/02/2025 01:56:19 AM,02/01/2025 07:56:19 PM,02/01/2025 07:56:19 PM,13.746678,-89.362623,1.0,T63263,Nivel de piso,0.0,835.0,,,"{""data"":[{""phase"":2,""alertDuration"":256,""deviceTimestamp"":1738461376,""receivedAtTimestamp"":1738461375919,""value"":126.5,""customerId"":""646703"",""serverTimestamp"":1738461375921},{""phase"":2,""alertDuration"":6483456,""deviceTimestamp"":1738461376,""receivedAtTimestamp"":1738461375289,""value"":126.6,""customerId"":""646703"",""serverTimestamp"":1738461375290},{""phase"":2,""alertDuration"":256,""deviceTimestamp"":1738461377,""receivedAtTimestamp"":1738461376520,""value"":126.5,""customerId"":""646703"",""serverTimestamp"":1738461377057},{""phase"":2,""alertDuration"":50304,""deviceTimestamp"":1738461378,""receivedAtTimestamp"":1738461377137,""value"":126.5,""customerId"":""646703"",""serverTimestamp"":1738461377197},{""phase"":2,""alertDuration"":50304,""deviceTimestamp"":1738461378,""receivedAtTimestamp"":1738461378220,""value"":126.5,""customerId"":""646703"",""serverTimestamp"":1738461378221}],""msgType"":288,""msgStr"":""AlertAggregatedVoltageSwell120/240/277V"",""deviceTimestamp"":1738461376,""serverTimestamp"":1738461375290}",Vswell,T63263,AES El Salvador,America/El_Salvador (UTC/GMT -6:00),3.0,,0.0,7.0,,,,,126.5,,,3.018,,,
10219.0,862754053334016.0,8.0,AlertVoltageSwell2,Voltage Swell: 120/240/277V,02/02/2025 01:56:22 AM,02/01/2025 07:56:22 PM,02/01/2025 07:56:22 PM,13.746678,-89.362623,1.0,T63263,Nivel de piso,0.0,835.0,,,"{""data"":[{""phase"":2,""alertDuration"":83456,""deviceTimestamp"":1738461379,""receivedAtTimestamp"":1738461379439,""value"":126.5,""customerId"":""646703"",""serverTimestamp"":1738461379441},{""phase"":2,""alertDuration"":554496,""deviceTimestamp"":1738461380,""receivedAtTimestamp"":1738461380069,""value"":126.6,""customerId"":""646703"",""serverTimestamp"":1738461380071},{""phase"":2,""alertDuration"":8576,""deviceTimestamp"":1738461381,""receivedAtTimestamp"":1738461380669,""value"":126.5,""customerId"":""646703"",""serverTimestamp"":1738461380671}],""msgType"":288,""msgStr"":""AlertAggregatedVoltageSwell120/240/277V"",""deviceTimestamp"":1738461379,""serverTimestamp"":1738461379441}",Vswell,T63263,AES El Salvador,America/El_Salvador (UTC/GMT -6:00),3.0,,0.0,7.0,,,,,126.5,,,0.515,,,
10222.0,862754053334016.0,8.0,AlertVoltageSwell2,Voltage Swell: 120/240/277V,02/02/2025 01:56:27 AM,02/01/2025 07:56:27 PM,02/01/2025 07:56:27 PM,13.746678,-89.362623,1.0,T63263,Nivel de piso,0.0,835.0,,,"{""data"":[{""phase"":2,""alertDuration"":6475136,""deviceTimestamp"":1738461383,""receivedAtTimestamp"":1738461383041,""value"":126.6,""customerId"":""646703"",""serverTimestamp"":1738461383043},{""phase"":2,""alertDuration"":133632,""deviceTimestamp"":1738461384,""receivedAtTimestamp"":1738461383649,""value"":126.6,""customerId"":""646703"",""serverTimestamp"":1738461383650}],""msgType"":288,""msgStr"":""AlertAggregatedVoltageSwell120/240/277V"",""deviceTimestamp"":1738461383,""serverTimestamp"":1738461383043}",Vswell,T63263,AES El Salvador,America/El_Salvador (UTC/GMT -6:00),3.0,,0.0,7.0,,,,,126.6,,,8.018,,,
11034.0,862754053334016.0,8.0,AlertVoltageSwell2,Voltage Swell: 120/240/277V,02/02/2025 01:59:22 PM,02/02/2025 07:59:22 AM,02/02/2025 07:59:22 AM,13.746678,-89.362623,1.0,T63263,Nivel de piso,0.0,835.0,,,"{""data"":[{""phase"":1,""alertDuration"":256,""deviceTimestamp"":1738504758,""receivedAtTimestamp"":1738504758311,""value"":127.1,""customerId"":""646703"",""serverTimestamp"":1738504758315},{""phase"":1,""alertDuration"":256,""deviceTimestamp"":1738504760,""receivedAtTimestamp"":1738504759300,""value"":127,""customerId"":""646703"",""serverTimestamp"":1738504759689}],""msgType"":288,""msgStr"":""AlertAggregatedVoltageSwell120/240/277V"",""deviceTimestamp"":1738504758,""serverTimestamp"":1738504758315}",Vswell,T63263,AES El Salvador,America/El_Salvador (UTC/GMT -6:00),3.0,,0.0,7.0,,,127.0,,,0.015,,,,,
11090.0,862754053334016.0,8.0,AlertVoltageSwell2,Voltage Swell: 120/240/277V,02/02/2025 02:01:49 PM,02/02/2025 08:01:49 AM,02/02/2025 08:01:49 AM,13.746678,-89.362623,1.0,T63263,Nivel de piso,0.0,835.0,,,"{""data"":[{""phase"":1,""alertDuration"":256,""deviceTimestamp"":57638,""receivedAtTimestamp"":1738504908378,""value"":126.8,""customerId"":""646703"",""serverTimestamp"":1738504908388}],""msgType"":288,""msgStr"":""AlertAggregatedVoltageSwell120/240/277V"",""deviceTimestamp"":57638,""serverTimestamp"":1738504908388}",Vswell,T63263,AES El Salvador,America/El_Salvador (UTC/GMT -6:00),3.0,,0.0,7.0,,,126.8,,,0.015,,,,,
11093.0,862754053334016.0,8.0,AlertVoltageSwell2,Voltage Swell: 120/240/277V,02/02/2025 02:01:50 PM,02/02/2025 08:01:50 AM,02/02/2025 08:01:50 AM,13.746678,-89.362623,1.0,T63263,Nivel de piso,0.0,835.0,,,"{""data"":[{""phase"":2,""alertDuration"":4592512,""deviceTimestamp"":33923,""receivedAtTimestamp"":1738504909588,""value"":127,""customerId"":""646703"",""serverTimestamp"":1738504909589}],""msgType"":288,""msgStr"":""AlertAggregatedVoltageSwell120/240/277V"",""deviceTimestamp"":33923,""serverTimestamp"":1738504909589}",Vswell,T63263,AES El Salvador,America/El_Salvador (UTC/GMT -6:00),3.0,,0.0,7.0,,,,,127.0,,,275.545,,,
11097.0,862754053334016.0,8.0,AlertVoltageSwell2,Voltage Swell: 120/240/277V,02/02/2025 02:01:52 PM,02/02/2025 08:01:52 AM,02/02/2025 08:01:52 AM,13.746678,-89.362623,1.0,T63263,Nivel de piso,0.0,835.0,,,"{""data"":[{""phase"":2,""alertDuration"":6150144,""deviceTimestamp"":29714,""receivedAtTimestamp"":1738504910798,""value"":127,""customerId"":""646703"",""serverTimestamp"":1738504910971}],""msgType"":288,""msgStr"":""AlertAggregatedVoltageSwell120/240/277V"",""deviceTimestamp"":29714,""serverTimestamp"":1738504910971}",Vswell,T63263,AES El Salvador,America/El_Salvador (UTC/GMT -6:00),3.0,,0.0,7.0,,,,,127.0,,,369.001,,,
11100.0,862754053334016.0,8.0,AlertVoltageSwell2,Voltage Swell: 120/240/277V,02/02/2025 02:01:53 PM,02/02/2025 08:01:53 AM,02/02/2025 08:01:53 AM,13.746678,-89.362623,1.0,T63263,Nivel de piso,0.0,835.0,,,"{""data"":[{""phase"":2,""alertDuration"":256,""deviceTimestamp"":61891,""receivedAtTimestamp"":1738504912586,""value"":126.8,""customerId"":""646703"",""serverTimestamp"":1738504912673}],""msgType"":288,""msgStr"":""AlertAggregatedVoltageSwell120/240/277V"",""deviceTimestamp"":61891,""serverTimestamp"":1738504912673}",Vswell,T63263,AES El Salvador,America/El_Salvador (UTC/GMT -6:00),3.0,,0.0,7.0,,,,,126.8,,,0.015,,,
11104.0,862754053334016.0,8.0,AlertVoltageSwell2,Voltage Swell: 120/240/277V,02/02/2025 02:01:55 PM,02/02/2025 08:01:55 AM,02/02/2025 08:01:55 AM,13.746678,-89.362623,1.0,T63263,Nivel de piso,0.0,835.0,,,"{""data"":[{""phase"":2,""alertDuration"":75136,""deviceTimestamp"":63092,""receivedAtTimestamp"":1738504913798,""value"":126.9,""customerId"":""646703"",""serverTimestamp"":1738504913916}],""msgType"":288,""msgStr"":""AlertAggregatedVoltageSwell120/240/277V"",""deviceTimestamp"":63092,""serverTimestamp"":1738504913916}",Vswell,T63263,AES El Salvador,America/El_Salvador (UTC/GMT -6:00),3.0,,0.0,7.0,,,,,126.9,,,4.508,,,
11107.0,862754053334016.0,8.0,AlertVoltageSwell2,Voltage Swell: 120/240/277V,02/02/2025 02:01:56 PM,02/02/2025 08:01:56 AM,02/02/2025 08:01:56 AM,13.746678,-89.362623,1.0,T63263,Nivel de piso,0.0,835.0,,,"{""data"":[{""phase"":2,""alertDuration"":256,""deviceTimestamp"":27540,""receivedAtTimestamp"":1738504915615,""value"":126.8,""customerId"":""646703"",""serverTimestamp"":1738504915617}],""msgType"":288,""msgStr"":""AlertAggregatedVoltageSwell120/240/277V"",""deviceTimestamp"":27540,""serverTimestamp"":1738504915617}",Vswell,T63263,AES El Salvador,America/El_Salvador (UTC/GMT -6:00),3.0,,0.0,7.0,,,,,126.8,,,0.015,,,
11109.0,862754053334016.0,8.0,AlertVoltageSwell2,Voltage Swell: 120/240/277V,02/02/2025 02:01:58 PM,02/02/2025 08:01:58 AM,02/02/2025 08:01:58 AM,13.746678,-89.362623,1.0,T63263,Nivel de piso,0.0,835.0,,,"{""data"":[{""phase"":2,""alertDuration"":256,""deviceTimestamp"":27289,""receivedAtTimestamp"":1738504916807,""value"":126.8,""customerId"":""646703"",""serverTimestamp"":1738504916884}],""msgType"":288,""msgStr"":""AlertAggregatedVoltageSwell120/240/277V"",""deviceTimestamp"":27289,""serverTimestamp"":1738504916884}",Vswell,T63263,AES El Salvador,America/El_Salvador (UTC/GMT -6:00),3.0,,0.0,7.0,,,,,126.8,,,0.015,,,
11119.0,862754053334016.0,8.0,AlertVoltageSwell2,Voltage Swell: 120/240/277V,02/02/2025 02:10:01 PM,02/02/2025 08:10:01 AM,02/02/2025 08:10:01 AM,13.746678,-89.362623,1.0,T63263,Nivel de piso,0.0,835.0,,,"{""data"":[{""phase"":1,""alertDuration"":256,""deviceTimestamp"":1738505398,""receivedAtTimestamp"":1738505397437,""value"":127,""customerId"":""646703"",""serverTimestamp"":1738505397439},{""phase"":1,""alertDuration"":384,""deviceTimestamp"":1738505399,""receivedAtTimestamp"":1738505398935,""value"":126.9,""customerId"":""646703"",""serverTimestamp"":1738505398937}],""msgType"":288,""msgStr"":""AlertAggregatedVoltageSwell120/240/277V"",""deviceTimestamp"":1738505398,""serverTimestamp"":1738505397439}",Vswell,T63263,AES El Salvador,America/El_Salvador (UTC/GMT -6:00),3.0,,0.0,7.0,,,126.9,,,0.023,,,,,
11122.0,862754053334016.0,8.0,AlertVoltageSwell2,Voltage Swell: 120/240/277V,02/02/2025 02:10:19 PM,02/02/2025 08:10:19 AM,02/02/2025 08:10:19 AM,13.746678,-89.362623,1.0,T63263,Nivel de piso,0.0,835.0,,,"{""data"":[{""phase"":1,""alertDuration"":8576,""deviceTimestamp"":1738505416,""receivedAtTimestamp"":1738505415390,""value"":127,""customerId"":""646703"",""serverTimestamp"":1738505415391},{""phase"":1,""alertDuration"":384,""deviceTimestamp"":1738505417,""receivedAtTimestamp"":1738505416475,""value"":127,""customerId"":""646703"",""serverTimestamp"":1738505416585}],""msgType"":288,""msgStr"":""AlertAggregatedVoltageSwell120/240/277V"",""deviceTimestamp"":1738505416,""serverTimestamp"":1738505415391}",Vswell,T63263,AES El Salvador,America/El_Salvador (UTC/GMT -6:00),3.0,,0.0,7.0,,,127.0,,,0.023,,,,,
11136.0,862754053334016.0,8.0,AlertVoltageSwell2,Voltage Swell: 120/240/277V,02/02/2025 02:10:34 PM,02/02/2025 08:10:34 AM,02/02/2025 08:10:34 AM,13.746678,-89.362623,1.0,T63263,Nivel de piso,0.0,835.0,,,"{""data"":[{""phase"":1,""alertDuration"":256,""deviceTimestamp"":1738505430,""receivedAtTimestamp"":1738505428692,""value"":127,""customerId"":""646703"",""serverTimestamp"":1738505428694},{""phase"":1,""alertDuration"":256,""deviceTimestamp"":1738505430,""receivedAtTimestamp"":1738505429284,""value"":127,""customerId"":""646703"",""serverTimestamp"":1738505429286},{""phase"":1,""alertDuration"":256,""deviceTimestamp"":1738505431,""receivedAtTimestamp"":1738505430887,""value"":127.1,""customerId"":""646703"",""serverTimestamp"":1738505430916}],""msgType"":288,""msgStr"":""AlertAggregatedVoltageSwell120/240/277V"",""deviceTimestamp"":1738505430,""serverTimestamp"":1738505428694}",Vswell,T63263,AES El Salvador,America/El_Salvador (UTC/GMT -6:00),3.0,,0.0,7.0,,,127.1,,,0.015,,,,,
11143.0,862754053334016.0,8.0,AlertVoltageSwell2,Voltage Swell: 120/240/277V,02/02/2025 02:10:40 PM,02/02/2025 08:10:40 AM,02/02/2025 08:10:40 AM,13.746678,-89.362623,1.0,T63263,Nivel de piso,0.0,835.0,,,"{""data"":[{""phase"":1,""alertDuration"":256,""deviceTimestamp"":1738505436,""receivedAtTimestamp"":1738505435216,""value"":126.9,""customerId"":""646703"",""serverTimestamp"":1738505435217}],""msgType"":288,""msgStr"":""AlertAggregatedVoltageSwell120/240/277V"",""deviceTimestamp"":1738505436,""serverTimestamp"":1738505435217}",Vswell,T63263,AES El Salvador,America/El_Salvador (UTC/GMT -6:00),3.0,,0.0,7.0,,,126.9,,,0.015,,,,,
11153.0,862754053334016.0,8.0,AlertVoltageSwell2,Voltage Swell: 120/240/277V,02/02/2025 02:10:46 PM,02/02/2025 08:10:46 AM,02/02/2025 08:10:46 AM,13.746678,-89.362623,1.0,T63263,Nivel de piso,0.0,835.0,,,"{""data"":[{""phase"":1,""alertDuration"":256,""deviceTimestamp"":1738505443,""receivedAtTimestamp"":1738505442397,""value"":127,""customerId"":""646703"",""serverTimestamp"":1738505442402}],""msgType"":288,""msgStr"":""AlertAggregatedVoltageSwell120/240/277V"",""deviceTimestamp"":1738505443,""serverTimestamp"":1738505442402}",Vswell,T63263,AES El Salvador,America/El_Salvador (UTC/GMT -6:00),3.0,,0.0,7.0,,,127.0,,,0.015,,,,,
11168.0,862754053334016.0,8.0,AlertVoltageSwell2,Voltage Swell: 120/240/277V,02/02/2025 02:10:52 PM,02/02/2025 08:10:52 AM,02/02/2025 08:10:52 AM,13.746678,-89.362623,1.0,T63263,Nivel de piso,0.0,835.0,,,"{""data"":[{""phase"":1,""alertDuration"":66944,""deviceTimestamp"":1738505448,""receivedAtTimestamp"":1738505447705,""value"":127.1,""customerId"":""646703"",""serverTimestamp"":1738505447708},{""phase"":1,""alertDuration"":256,""deviceTimestamp"":1738505449,""receivedAtTimestamp"":1738505448826,""value"":127.1,""customerId"":""646703"",""serverTimestamp"":1738505448923}],""msgType"":288,""msgStr"":""AlertAggregatedVoltageSwell120/240/277V"",""deviceTimestamp"":1738505448,""serverTimestamp"":1738505447708}",Vswell,T63263,AES El Salvador,America/El_Salvador (UTC/GMT -6:00),3.0,,0.0,7.0,,,127.1,,,0.015,,,,,
11175.0,862754053334016.0,8.0,AlertVoltageSwell2,Voltage Swell: 120/240/277V,02/02/2025 02:10:59 PM,02/02/2025 08:10:59 AM,02/02/2025 08:10:59 AM,13.746678,-89.362623,1.0,T63263,Nivel de piso,0.0,835.0,,,"{""data"":[{""phase"":1,""alertDuration"":6483328,""deviceTimestamp"":1738505456,""receivedAtTimestamp"":1738505454834,""value"":127.1,""customerId"":""646703"",""serverTimestamp"":1738505454922},{""phase"":1,""alertDuration"":256,""deviceTimestamp"":1738505458,""receivedAtTimestamp"":1738505456927,""value"":127.1,""customerId"":""646703"",""serverTimestamp"":1738505456929}],""msgType"":288,""msgStr"":""AlertAggregatedVoltageSwell120/240/277V"",""deviceTimestamp"":1738505456,""serverTimestamp"":1738505454922}",Vswell,T63263,AES El Salvador,America/El_Salvador (UTC/GMT -6:00),3.0,,0.0,7.0,,,127.1,,,0.015,,,,,
11185.0,862754053334016.0,8.0,AlertVoltageSwell2,Voltage Swell: 120/240/277V,02/02/2025 02:11:10 PM,02/02/2025 08:11:10 AM,02/02/2025 08:11:10 AM,13.746678,-89.362623,1.0,T63263,Nivel de piso,0.0,835.0,,,"{""data"":[{""phase"":1,""alertDuration"":384,""deviceTimestamp"":1738505466,""receivedAtTimestamp"":1738505465145,""value"":127.1,""customerId"":""646703"",""serverTimestamp"":1738505465146},{""phase"":1,""alertDuration"":384,""deviceTimestamp"":1738505466,""receivedAtTimestamp"":1738505465738,""value"":127.1,""customerId"":""646703"",""serverTimestamp"":1738505465740},{""phase"":1,""alertDuration"":16896,""deviceTimestamp"":1738505467,""receivedAtTimestamp"":1738505466356,""value"":127.1,""customerId"":""646703"",""serverTimestamp"":1738505466358},{""phase"":1,""alertDuration"":256,""deviceTimestamp"":1738505468,""receivedAtTimestamp"":1738505466946,""value"":127,""customerId"":""646703"",""serverTimestamp"":1738505466982},{""phase"":1,""alertDuration"":384,""deviceTimestamp"":1738505468,""receivedAtTimestamp"":1738505467561,""value"":127,""customerId"":""646703"",""serverTimestamp"":1738505467563}],""msgType"":288,""msgStr"":""AlertAggregatedVoltageSwell120/240/277V"",""deviceTimestamp"":1738505466,""serverTimestamp"":1738505465146}",Vswell,T63263,AES El Salvador,America/El_Salvador (UTC/GMT -6:00),3.0,,0.0,7.0,,,127.0,,,0.023,,,,,
11192.0,862754053334016.0,8.0,AlertVoltageSwell2,Voltage Swell: 120/240/277V,02/02/2025 02:11:16 PM,02/02/2025 08:11:16 AM,02/02/2025 08:11:16 AM,13.746678,-89.362623,1.0,T63263,Nivel de piso,0.0,835.0,,,"{""data"":[{""phase"":1,""alertDuration"":256,""deviceTimestamp"":1738505472,""receivedAtTimestamp"":1738505471063,""value"":127.1,""customerId"":""646703"",""serverTimestamp"":1738505471064},{""phase"":1,""alertDuration"":384,""deviceTimestamp"":1738505472,""receivedAtTimestamp"":1738505471687,""value"":127.1,""customerId"":""646703"",""serverTimestamp"":1738505471689},{""phase"":1,""alertDuration"":256,""deviceTimestamp"":1738505473,""receivedAtTimestamp"":1738505472274,""value"":127,""customerId"":""646703"",""serverTimestamp"":1738505472410},{""phase"":1,""alertDuration"":67072,""deviceTimestamp"":1738505474,""receivedAtTimestamp"":1738505472876,""value"":127.1,""customerId"":""646703"",""serverTimestamp"":1738505472994}],""msgType"":288,""msgStr"":""AlertAggregatedVoltageSwell120/240/277V"",""deviceTimestamp"":1738505472,""serverTimestamp"":1738505471064}",Vswell,T63263,AES El Salvador,America/El_Salvador (UTC/GMT -6:00),3.0,,0.0,7.0,,,127.1,,,4.024,,,,,
11195.0,862754053334016.0,8.0,AlertVoltageSwell2,Voltage Swell: 120/240/277V,02/02/2025 02:11:20 PM,02/02/2025 08:11:20 AM,02/02/2025 08:11:20 AM,13.746678,-89.362623,1.0,T63263,Nivel de piso,0.0,835.0,,,"{""data"":[{""phase"":1,""alertDuration"":256,""deviceTimestamp"":1738505477,""receivedAtTimestamp"":1738505476687,""value"":127,""customerId"":""646703"",""serverTimestamp"":1738505476689}],""msgType"":288,""msgStr"":""AlertAggregatedVoltageSwell120/240/277V"",""deviceTimestamp"":1738505477,""serverTimestamp"":1738505476689}",Vswell,T63263,AES El Salvador,America/El_Salvador (UTC/GMT -6:00),3.0,,0.0,7.0,,,127.0,,,0.015,,,,,
11202.0,862754053334016.0,8.0,AlertVoltageSwell2,Voltage Swell: 120/240/277V,02/02/2025 02:11:25 PM,02/02/2025 08:11:25 AM,02/02/2025 08:11:25 AM,13.746678,-89.362623,1.0,T63263,Nivel de piso,0.0,835.0,,,"{""data"":[{""phase"":1,""alertDuration"":256,""deviceTimestamp"":1738505482,""receivedAtTimestamp"":1738505480976,""value"":127,""customerId"":""646703"",""serverTimestamp"":1738505480977},{""phase"":1,""alertDuration"":256,""deviceTimestamp"":1738505482,""receivedAtTimestamp"":1738505481622,""value"":127,""customerId"":""646703"",""serverTimestamp"":1738505481623},{""phase"":1,""alertDuration"":256,""deviceTimestamp"":1738505483,""receivedAtTimestamp"":1738505482204,""value"":127,""customerId"":""646703"",""serverTimestamp"":1738505482206},{""phase"":1,""alertDuration"":6483328,""deviceTimestamp"":1738505484,""receivedAtTimestamp"":1738505483323,""value"":127,""customerId"":""646703"",""serverTimestamp"":1738505483325}],""msgType"":288,""msgStr"":""AlertAggregatedVoltageSwell120/240/277V"",""deviceTimestamp"":1738505482,""serverTimestamp"":1738505480977}",Vswell,T63263,AES El Salvador,America/El_Salvador (UTC/GMT -6:00),3.0,,0.0,7.0,,,127.0,,,388.992,,,,,
11211.0,862754053334016.0,8.0,AlertVoltageSwell2,Voltage Swell: 120/240/277V,02/02/2025 02:11:31 PM,02/02/2025 08:11:31 AM,02/02/2025 08:11:31 AM,13.746678,-89.362623,1.0,T63263,Nivel de piso,0.0,835.0,,,"{""data"":[{""phase"":1,""alertDuration"":256,""deviceTimestamp"":1738505487,""receivedAtTimestamp"":1738505485616,""value"":127,""customerId"":""646703"",""serverTimestamp"":1738505485618},{""phase"":1,""alertDuration"":256,""deviceTimestamp"":1738505489,""receivedAtTimestamp"":1738505487726,""value"":127,""customerId"":""646703"",""serverTimestamp"":1738505487727},{""phase"":1,""alertDuration"":256,""deviceTimestamp"":1738505489,""receivedAtTimestamp"":1738505488334,""value"":127,""customerId"":""646703"",""serverTimestamp"":1738505488335}],""msgType"":288,""msgStr"":""AlertAggregatedVoltageSwell120/240/277V"",""deviceTimestamp"":1738505487,""serverTimestamp"":1738505485618}",Vswell,T63263,AES El Salvador,America/El_Salvador (UTC/GMT -6:00),3.0,,0.0,7.0,,,127.0,,,0.015,,,,,
11217.0,862754053334016.0,8.0,AlertVoltageSwell2,Voltage Swell: 120/240/277V,02/02/2025 02:11:35 PM,02/02/2025 08:11:35 AM,02/02/2025 08:11:35 AM,13.746678,-89.362623,1.0,T63263,Nivel de piso,0.0,835.0,,,"{""data"":[{""phase"":1,""alertDuration"":256,""deviceTimestamp"":1738505492,""receivedAtTimestamp"":1738505491745,""value"":127,""customerId"":""646703"",""serverTimestamp"":1738505491809},{""phase"":1,""alertDuration"":256,""deviceTimestamp"":1738505493,""receivedAtTimestamp"":1738505492834,""value"":127,""customerId"":""646703"",""serverTimestamp"":1738505492836},{""phase"":1,""alertDuration"":256,""deviceTimestamp"":1738505494,""receivedAtTimestamp"":1738505493445,""value"":127.1,""customerId"":""646703"",""serverTimestamp"":1738505493447}],""msgType"":288,""msgStr"":""AlertAggregatedVoltageSwell120/240/277V"",""deviceTimestamp"":1738505492,""serverTimestamp"":1738505491809}",Vswell,T63263,AES El Salvador,America/El_Salvador (UTC/GMT -6:00),3.0,,0.0,7.0,,,127.1,,,0.015,,,,,
11224.0,862754053334016.0,8.0,AlertVoltageSwell2,Voltage Swell: 120/240/277V,02/02/2025 02:11:40 PM,02/02/2025 08:11:40 AM,02/02/2025 08:11:40 AM,13.746678,-89.362623,1.0,T63263,Nivel de piso,0.0,835.0,,,"{""data"":[{""phase"":1,""alertDuration"":25216,""deviceTimestamp"":1738505497,""receivedAtTimestamp"":1738505496246,""value"":127,""customerId"":""646703"",""serverTimestamp"":1738505496248},{""phase"":1,""alertDuration"":25472,""deviceTimestamp"":1738505498,""receivedAtTimestamp"":1738505497467,""value"":127,""customerId"":""646703"",""serverTimestamp"":1738505497468},{""phase"":1,""alertDuration"":256,""deviceTimestamp"":1738505499,""receivedAtTimestamp"":1738505498668,""value"":127,""customerId"":""646703"",""serverTimestamp"":1738505498675},{""phase"":1,""alertDuration"":8576,""deviceTimestamp"":1738505499,""receivedAtTimestamp"":1738505498073,""value"":127.1,""customerId"":""646703"",""serverTimestamp"":1738505498074}],""msgType"":288,""msgStr"":""AlertAggregatedVoltageSwell120/240/277V"",""deviceTimestamp"":1738505497,""serverTimestamp"":1738505496248}",Vswell,T63263,AES El Salvador,America/El_Salvador (UTC/GMT -6:00),3.0,,0.0,7.0,,,127.1,,,0.515,,,,,
11232.0,862754053334016.0,8.0,AlertVoltageSwell2,Voltage Swell: 120/240/277V,02/02/2025 02:11:46 PM,02/02/2025 08:11:46 AM,02/02/2025 08:11:46 AM,13.746678,-89.362623,1.0,T63263,Nivel de piso,0.0,835.0,,,"{""data"":[{""phase"":1,""alertDuration"":256,""deviceTimestamp"":1738505503,""receivedAtTimestamp"":1738505502384,""value"":127,""customerId"":""646703"",""serverTimestamp"":1738505502386},{""phase"":1,""alertDuration"":25344,""deviceTimestamp"":1738505504,""receivedAtTimestamp"":1738505502985,""value"":127.1,""customerId"":""646703"",""serverTimestamp"":1738505502987},{""phase"":1,""alertDuration"":256,""deviceTimestamp"":1738505504,""receivedAtTimestamp"":1738505503594,""value"":127,""customerId"":""646703"",""serverTimestamp"":1738505503595},{""phase"":1,""alertDuration"":256,""deviceTimestamp"":1738505505,""receivedAtTimestamp"":1738505504188,""value"":127,""customerId"":""646703"",""serverTimestamp"":1738505504190},{""phase"":1,""alertDuration"":256,""deviceTimestamp"":1738505505,""receivedAtTimestamp"":1738505505295,""value"":127.1,""customerId"":""646703"",""serverTimestamp"":1738505505334}],""msgType"":288,""msgStr"":""AlertAggregatedVoltageSwell120/240/277V"",""deviceTimestamp"":1738505503,""serverTimestamp"":1738505502386}",Vswell,T63263,AES El Salvador,America/El_Salvador (UTC/GMT -6:00),3.0,,0.0,7.0,,,127.1,,,0.015,,,,,
11238.0,862754053334016.0,8.0,AlertVoltageSwell2,Voltage Swell: 120/240/277V,02/02/2025 02:11:52 PM,02/02/2025 08:11:52 AM,02/02/2025 08:11:52 AM,13.746678,-89.362623,1.0,T63263,Nivel de piso,0.0,835.0,,,"{""data"":[{""phase"":1,""alertDuration"":256,""deviceTimestamp"":1738505508,""receivedAtTimestamp"":1738505506996,""value"":127.1,""customerId"":""646703"",""serverTimestamp"":1738505506997},{""phase"":1,""alertDuration"":6483456,""deviceTimestamp"":1738505509,""receivedAtTimestamp"":1738505508213,""value"":127.2,""customerId"":""646703"",""serverTimestamp"":1738505508215},{""phase"":1,""alertDuration"":6458368,""deviceTimestamp"":1738505510,""receivedAtTimestamp"":1738505509357,""value"":127.2,""customerId"":""646703"",""serverTimestamp"":1738505509359}],""msgType"":288,""msgStr"":""AlertAggregatedVoltageSwell120/240/277V"",""deviceTimestamp"":1738505508,""serverTimestamp"":1738505506997}",Vswell,T63263,AES El Salvador,America/El_Salvador (UTC/GMT -6:00),3.0,,0.0,7.0,,,127.2,,,387.494,,,,,
11405.0,862754053334016.0,8.0,AlertVoltageSwell2,Voltage Swell: 120/240/277V,02/02/2025 02:20:01 PM,02/02/2025 08:20:01 AM,02/02/2025 08:20:01 AM,13.746678,-89.362623,1.0,T63263,Nivel de piso,0.0,835.0,,,"{""data"":[{""phase"":2,""alertDuration"":256,""deviceTimestamp"":51134,""receivedAtTimestamp"":1738505999766,""value"":127,""customerId"":""646703"",""serverTimestamp"":1738505999767}],""msgType"":288,""msgStr"":""AlertAggregatedVoltageSwell120/240/277V"",""deviceTimestamp"":51134,""serverTimestamp"":1738505999767}",Vswell,T63263,AES El Salvador,America/El_Salvador (UTC/GMT -6:00),3.0,,0.0,7.0,,,,,127.0,,,0.015,,,
11407.0,862754053334016.0,8.0,AlertVoltageSwell2,Voltage Swell: 120/240/277V,02/02/2025 02:20:02 PM,02/02/2025 08:20:02 AM,02/02/2025 08:20:02 AM,13.746678,-89.362623,1.0,T63263,Nivel de piso,0.0,835.0,,,"{""data"":[{""phase"":2,""alertDuration"":384,""deviceTimestamp"":45979,""receivedAtTimestamp"":1738506002206,""value"":127,""customerId"":""646703"",""serverTimestamp"":1738506002255}],""msgType"":288,""msgStr"":""AlertAggregatedVoltageSwell120/240/277V"",""deviceTimestamp"":45979,""serverTimestamp"":1738506002255}",Vswell,T63263,AES El Salvador,America/El_Salvador (UTC/GMT -6:00),3.0,,0.0,7.0,,,,,127.0,,,0.023,,,
11412.0,862754053334016.0,8.0,AlertVoltageSwell2,Voltage Swell: 120/240/277V,02/02/2025 02:20:04 PM,02/02/2025 08:20:04 AM,02/02/2025 08:20:04 AM,13.746678,-89.362623,1.0,T63263,Nivel de piso,0.0,835.0,,,"{""data"":[{""phase"":2,""alertDuration"":256,""deviceTimestamp"":45578,""receivedAtTimestamp"":1738506002795,""value"":127.1,""customerId"":""646703"",""serverTimestamp"":1738506002796}],""msgType"":288,""msgStr"":""AlertAggregatedVoltageSwell120/240/277V"",""deviceTimestamp"":45578,""serverTimestamp"":1738506002796}",Vswell,T63263,AES El Salvador,America/El_Salvador (UTC/GMT -6:00),3.0,,0.0,7.0,,,,,127.1,,,0.015,,,
11419.0,862754053334016.0,8.0,AlertVoltageSwell2,Voltage Swell: 120/240/277V,02/02/2025 02:20:10 PM,02/02/2025 08:20:10 AM,02/02/2025 08:20:10 AM,13.746678,-89.362623,1.0,T63263,Nivel de piso,0.0,835.0,,,"{""data"":[{""phase"":2,""alertDuration"":256,""deviceTimestamp"":1738506006,""receivedAtTimestamp"":1738506005205,""value"":126.9,""customerId"":""646703"",""serverTimestamp"":1738506005207}],""msgType"":288,""msgStr"":""AlertAggregatedVoltageSwell120/240/277V"",""deviceTimestamp"":1738506006,""serverTimestamp"":1738506005207}",Vswell,T63263,AES El Salvador,America/El_Salvador (UTC/GMT -6:00),3.0,,0.0,7.0,,,,,126.9,,,0.015,,,
11428.0,862754053334016.0,8.0,AlertVoltageSwell2,Voltage Swell: 120/240/277V,02/02/2025 02:20:16 PM,02/02/2025 08:20:16 AM,02/02/2025 08:20:16 AM,13.746678,-89.362623,1.0,T63263,Nivel de piso,0.0,835.0,,,"{""data"":[{""phase"":2,""alertDuration"":256,""deviceTimestamp"":1738506012,""receivedAtTimestamp"":1738506011225,""value"":127,""customerId"":""646703"",""serverTimestamp"":1738506011227},{""phase"":2,""alertDuration"":256,""deviceTimestamp"":1738506012,""receivedAtTimestamp"":1738506011824,""value"":127,""customerId"":""646703"",""serverTimestamp"":1738506011826},{""phase"":2,""alertDuration"":256,""deviceTimestamp"":1738506013,""receivedAtTimestamp"":1738506013025,""value"":127,""customerId"":""646703"",""serverTimestamp"":1738506013027},{""phase"":2,""alertDuration"":384,""deviceTimestamp"":1738506013,""receivedAtTimestamp"":1738506012426,""value"":127,""customerId"":""646703"",""serverTimestamp"":1738506012620},{""phase"":2,""alertDuration"":256,""deviceTimestamp"":1738506014,""receivedAtTimestamp"":1738506013646,""value"":127,""customerId"":""646703"",""serverTimestamp"":1738506013731}],""msgType"":288,""msgStr"":""AlertAggregatedVoltageSwell120/240/277V"",""deviceTimestamp"":1738506012,""serverTimestamp"":1738506011227}",Vswell,T63263,AES El Salvador,America/El_Salvador (UTC/GMT -6:00),3.0,,0.0,7.0,,,,,127.0,,,0.015,,,
11434.0,862754053334016.0,8.0,AlertVoltageSwell2,Voltage Swell: 120/240/277V,02/02/2025 02:20:20 PM,02/02/2025 08:20:20 AM,02/02/2025 08:20:20 AM,13.746678,-89.362623,1.0,T63263,Nivel de piso,0.0,835.0,,,"{""data"":[{""phase"":2,""alertDuration"":6483328,""deviceTimestamp"":1738506017,""receivedAtTimestamp"":1738506017045,""value"":127.1,""customerId"":""646703"",""serverTimestamp"":1738506017046},{""phase"":2,""alertDuration"":256,""deviceTimestamp"":1738506018,""receivedAtTimestamp"":1738506018146,""value"":127,""customerId"":""646703"",""serverTimestamp"":1738506018148},{""phase"":2,""alertDuration"":8576,""deviceTimestamp"":1738506019,""receivedAtTimestamp"":1738506019286,""value"":127.1,""customerId"":""646703"",""serverTimestamp"":1738506019287}],""msgType"":288,""msgStr"":""AlertAggregatedVoltageSwell120/240/277V"",""deviceTimestamp"":1738506017,""serverTimestamp"":1738506017046}",Vswell,T63263,AES El Salvador,America/El_Salvador (UTC/GMT -6:00),3.0,,0.0,7.0,,,,,127.1,,,0.515,,,
11456.0,862754053334016.0,8.0,AlertVoltageSwell2,Voltage Swell: 120/240/277V,02/02/2025 02:22:34 PM,02/02/2025 08:22:34 AM,02/02/2025 08:22:34 AM,13.746678,-89.362623,1.0,T63263,Nivel de piso,0.0,835.0,,,"{""data"":[{""phase"":2,""alertDuration"":16896,""deviceTimestamp"":46908,""receivedAtTimestamp"":1738506152770,""value"":127.1,""customerId"":""646703"",""serverTimestamp"":1738506152772}],""msgType"":288,""msgStr"":""AlertAggregatedVoltageSwell120/240/277V"",""deviceTimestamp"":46908,""serverTimestamp"":1738506152772}",Vswell,T63263,AES El Salvador,America/El_Salvador (UTC/GMT -6:00),3.0,,0.0,7.0,,,,,127.1,,,1.014,,,
11458.0,862754053334016.0,8.0,AlertVoltageSwell2,Voltage Swell: 120/240/277V,02/02/2025 02:22:35 PM,02/02/2025 08:22:35 AM,02/02/2025 08:22:35 AM,13.746678,-89.362623,1.0,T63263,Nivel de piso,0.0,835.0,,,"{""data"":[{""phase"":2,""alertDuration"":256,""deviceTimestamp"":53261,""receivedAtTimestamp"":1738506155179,""value"":127,""customerId"":""646703"",""serverTimestamp"":1738506155234}],""msgType"":288,""msgStr"":""AlertAggregatedVoltageSwell120/240/277V"",""deviceTimestamp"":53261,""serverTimestamp"":1738506155234}",Vswell,T63263,AES El Salvador,America/El_Salvador (UTC/GMT -6:00),3.0,,0.0,7.0,,,,,127.0,,,0.015,,,
11462.0,862754053334016.0,8.0,AlertVoltageSwell2,Voltage Swell: 120/240/277V,02/02/2025 02:22:37 PM,02/02/2025 08:22:37 AM,02/02/2025 08:22:37 AM,13.746678,-89.362623,1.0,T63263,Nivel de piso,0.0,835.0,,,"{""data"":[{""phase"":2,""alertDuration"":6483328,""deviceTimestamp"":46657,""receivedAtTimestamp"":1738506155788,""value"":127,""customerId"":""646703"",""serverTimestamp"":1738506155789}],""msgType"":288,""msgStr"":""AlertAggregatedVoltageSwell120/240/277V"",""deviceTimestamp"":46657,""serverTimestamp"":1738506155789}",Vswell,T63263,AES El Salvador,America/El_Salvador (UTC/GMT -6:00),3.0,,0.0,7.0,,,,,127.0,,,388.992,,,
11465.0,862754053334016.0,8.0,AlertVoltageSwell2,Voltage Swell: 120/240/277V,02/02/2025 02:22:38 PM,02/02/2025 08:22:38 AM,02/02/2025 08:22:38 AM,13.746678,-89.362623,1.0,T63263,Nivel de piso,0.0,835.0,,,"{""data"":[{""phase"":2,""alertDuration"":256,""deviceTimestamp"":55663,""receivedAtTimestamp"":1738506157598,""value"":127,""customerId"":""646703"",""serverTimestamp"":1738506157709}],""msgType"":288,""msgStr"":""AlertAggregatedVoltageSwell120/240/277V"",""deviceTimestamp"":55663,""serverTimestamp"":1738506157709}",Vswell,T63263,AES El Salvador,America/El_Salvador (UTC/GMT -6:00),3.0,,0.0,7.0,,,,,127.0,,,0.015,,,
11470.0,862754053334016.0,8.0,AlertVoltageSwell2,Voltage Swell: 120/240/277V,02/02/2025 02:22:40 PM,02/02/2025 08:22:40 AM,02/02/2025 08:22:40 AM,13.746678,-89.362623,1.0,T63263,Nivel de piso,0.0,835.0,,,"{""data"":[{""phase"":1,""alertDuration"":384,""deviceTimestamp"":56868,""receivedAtTimestamp"":1738506158815,""value"":127.1,""customerId"":""646703"",""serverTimestamp"":1738506158817}],""msgType"":288,""msgStr"":""AlertAggregatedVoltageSwell120/240/277V"",""deviceTimestamp"":56868,""serverTimestamp"":1738506158817}",Vswell,T63263,AES El Salvador,America/El_Salvador (UTC/GMT -6:00),3.0,,0.0,7.0,,,127.1,,,0.023,,,,,
11472.0,862754053334016.0,8.0,AlertVoltageSwell2,Voltage Swell: 120/240/277V,02/02/2025 02:22:41 PM,02/02/2025 08:22:41 AM,02/02/2025 08:22:41 AM,13.746678,-89.362623,1.0,T63263,Nivel de piso,0.0,835.0,,,"{""data"":[{""phase"":2,""alertDuration"":256,""deviceTimestamp"":44950,""receivedAtTimestamp"":1738506161214,""value"":127.1,""customerId"":""646703"",""serverTimestamp"":1738506161215}],""msgType"":288,""msgStr"":""AlertAggregatedVoltageSwell120/240/277V"",""deviceTimestamp"":44950,""serverTimestamp"":1738506161215}",Vswell,T63263,AES El Salvador,America/El_Salvador (UTC/GMT -6:00),3.0,,0.0,7.0,,,,,127.1,,,0.015,,,
11475.0,862754053334016.0,8.0,AlertVoltageSwell2,Voltage Swell: 120/240/277V,02/02/2025 02:22:43 PM,02/02/2025 08:22:43 AM,02/02/2025 08:22:43 AM,13.746678,-89.362623,1.0,T63263,Nivel de piso,0.0,835.0,,,"{""data"":[{""phase"":1,""alertDuration"":384,""deviceTimestamp"":59922,""receivedAtTimestamp"":1738506162327,""value"":127.1,""customerId"":""646703"",""serverTimestamp"":1738506162329}],""msgType"":288,""msgStr"":""AlertAggregatedVoltageSwell120/240/277V"",""deviceTimestamp"":59922,""serverTimestamp"":1738506162329}",Vswell,T63263,AES El Salvador,America/El_Salvador (UTC/GMT -6:00),3.0,,0.0,7.0,,,127.1,,,0.023,,,,,
11477.0,862754053334016.0,8.0,AlertVoltageSwell2,Voltage Swell: 120/240/277V,02/02/2025 02:22:44 PM,02/02/2025 08:22:44 AM,02/02/2025 08:22:44 AM,13.746678,-89.362623,1.0,T63263,Nivel de piso,0.0,835.0,,,"{""data"":[{""phase"":2,""alertDuration"":41984,""deviceTimestamp"":44549,""receivedAtTimestamp"":1738506163530,""value"":127,""customerId"":""646703"",""serverTimestamp"":1738506163847}],""msgType"":288,""msgStr"":""AlertAggregatedVoltageSwell120/240/277V"",""deviceTimestamp"":44549,""serverTimestamp"":1738506163847}",Vswell,T63263,AES El Salvador,America/El_Salvador (UTC/GMT -6:00),3.0,,0.0,7.0,,,,,127.0,,,2.519,,,
11482.0,862754053334016.0,8.0,AlertVoltageSwell2,Voltage Swell: 120/240/277V,02/02/2025 02:22:46 PM,02/02/2025 08:22:46 AM,02/02/2025 08:22:46 AM,13.746678,-89.362623,1.0,T63263,Nivel de piso,0.0,835.0,,,"{""data"":[{""phase"":1,""alertDuration"":256,""deviceTimestamp"":62225,""receivedAtTimestamp"":1738506164678,""value"":127.1,""customerId"":""646703"",""serverTimestamp"":1738506164696}],""msgType"":288,""msgStr"":""AlertAggregatedVoltageSwell120/240/277V"",""deviceTimestamp"":62225,""serverTimestamp"":1738506164696}",Vswell,T63263,AES El Salvador,America/El_Salvador (UTC/GMT -6:00),3.0,,0.0,7.0,,,127.1,,,0.015,,,,,
11487.0,862754053334016.0,8.0,AlertVoltageSwell2,Voltage Swell: 120/240/277V,02/02/2025 02:22:49 PM,02/02/2025 08:22:49 AM,02/02/2025 08:22:49 AM,13.746678,-89.362623,1.0,T63263,Nivel de piso,0.0,835.0,,,"{""data"":[{""phase"":2,""alertDuration"":256,""deviceTimestamp"":43947,""receivedAtTimestamp"":1738506167044,""value"":127,""customerId"":""646703"",""serverTimestamp"":1738506167243}],""msgType"":288,""msgStr"":""AlertAggregatedVoltageSwell120/240/277V"",""deviceTimestamp"":43947,""serverTimestamp"":1738506167243}",Vswell,T63263,AES El Salvador,America/El_Salvador (UTC/GMT -6:00),3.0,,0.0,7.0,,,,,127.0,,,0.015,,,
11495.0,862754053334016.0,8.0,AlertVoltageSwell2,Voltage Swell: 120/240/277V,02/02/2025 02:22:55 PM,02/02/2025 08:22:55 AM,02/02/2025 08:22:55 AM,13.746678,-89.362623,1.0,T63263,Nivel de piso,0.0,835.0,,,"{""data"":[{""phase"":2,""alertDuration"":256,""deviceTimestamp"":1738506171,""receivedAtTimestamp"":1738506170470,""value"":127,""customerId"":""646703"",""serverTimestamp"":1738506170472},{""phase"":2,""alertDuration"":25344,""deviceTimestamp"":1738506172,""receivedAtTimestamp"":1738506171571,""value"":127,""customerId"":""646703"",""serverTimestamp"":1738506171573},{""phase"":2,""alertDuration"":256,""deviceTimestamp"":1738506173,""receivedAtTimestamp"":1738506172191,""value"":127.1,""customerId"":""646703"",""serverTimestamp"":1738506172193}],""msgType"":288,""msgStr"":""AlertAggregatedVoltageSwell120/240/277V"",""deviceTimestamp"":1738506171,""serverTimestamp"":1738506170472}",Vswell,T63263,AES El Salvador,America/El_Salvador (UTC/GMT -6:00),3.0,,0.0,7.0,,,,,127.1,,,0.015,,,
11502.0,862754053334016.0,8.0,AlertVoltageSwell2,Voltage Swell: 120/240/277V,02/02/2025 02:23:01 PM,02/02/2025 08:23:01 AM,02/02/2025 08:23:01 AM,13.746678,-89.362623,1.0,T63263,Nivel de piso,0.0,835.0,,,"{""data"":[{""phase"":2,""alertDuration"":256,""deviceTimestamp"":1738506178,""receivedAtTimestamp"":1738506176682,""value"":127,""customerId"":""646703"",""serverTimestamp"":1738506176767},{""phase"":2,""alertDuration"":384,""deviceTimestamp"":1738506178,""receivedAtTimestamp"":1738506177270,""value"":127,""customerId"":""646703"",""serverTimestamp"":1738506177321},{""phase"":2,""alertDuration"":256,""deviceTimestamp"":1738506179,""receivedAtTimestamp"":1738506177891,""value"":127,""customerId"":""646703"",""serverTimestamp"":1738506177892},{""phase"":2,""alertDuration"":256,""deviceTimestamp"":1738506179,""receivedAtTimestamp"":1738506178497,""value"":127,""customerId"":""646703"",""serverTimestamp"":1738506178582},{""phase"":2,""alertDuration"":256,""deviceTimestamp"":1738506180,""receivedAtTimestamp"":1738506179109,""value"":127,""customerId"":""646703"",""serverTimestamp"":1738506179110},{""phase"":2,""alertDuration"":384,""deviceTimestamp"":1738506180,""receivedAtTimestamp"":1738506179682,""value"":126.9,""customerId"":""646703"",""serverTimestamp"":1738506179683}],""msgType"":288,""msgStr"":""AlertAggregatedVoltageSwell120/240/277V"",""deviceTimestamp"":1738506178,""serverTimestamp"":1738506176767}",Vswell,T63263,AES El Salvador,America/El_Salvador (UTC/GMT -6:00),3.0,,0.0,7.0,,,,,126.9,,,0.023,,,
11573.0,862754053334016.0,8.0,AlertVoltageSwell2,Voltage Swell: 120/240/277V,02/02/2025 02:35:34 PM,02/02/2025 08:35:34 AM,02/02/2025 08:35:34 AM,13.746678,-89.362623,1.0,T63263,Nivel de piso,0.0,835.0,,,"{""data"":[{""phase"":1,""alertDuration"":256,""deviceTimestamp"":1738506930,""receivedAtTimestamp"":1738506929663,""value"":127.3,""customerId"":""646703"",""serverTimestamp"":1738506929665}],""msgType"":288,""msgStr"":""AlertAggregatedVoltageSwell120/240/277V"",""deviceTimestamp"":1738506930,""serverTimestamp"":1738506929665}",Vswell,T63263,AES El Salvador,America/El_Salvador (UTC/GMT -6:00),3.0,,0.0,7.0,,,127.3,,,0.015,,,,,
10436.0,862754053334016.0,8.0,AlertVoltageSwell2,Voltage Swell: 120/240/277V,02/02/2025 08:49:35 AM,02/02/2025 02:49:35 AM,02/02/2025 02:49:35 AM,13.746678,-89.362623,1.0,T63263,Nivel de piso,0.0,835.0,,,"{""data"":[{""phase"":1,""alertDuration"":256,""deviceTimestamp"":51509,""receivedAtTimestamp"":1738486175871,""value"":127.5,""customerId"":""646703"",""serverTimestamp"":1738486175872}],""msgType"":288,""msgStr"":""AlertAggregatedVoltageSwell120/240/277V"",""deviceTimestamp"":51509,""serverTimestamp"":1738486175872}",Vswell,T63263,AES El Salvador,America/El_Salvador (UTC/GMT -6:00),3.0,,0.0,7.0,,,127.5,,,0.015,,,,,
10440.0,862754053334016.0,8.0,AlertVoltageSwell2,Voltage Swell: 120/240/277V,02/02/2025 08:49:38 AM,02/02/2025 02:49:38 AM,02/02/2025 02:49:38 AM,13.746678,-89.362623,1.0,T63263,Nivel de piso,0.0,835.0,,,"{""data"":[{""phase"":1,""alertDuration"":256,""deviceTimestamp"":43801,""receivedAtTimestamp"":1738486177101,""value"":127.5,""customerId"":""646703"",""serverTimestamp"":1738486177207}],""msgType"":288,""msgStr"":""AlertAggregatedVoltageSwell120/240/277V"",""deviceTimestamp"":43801,""serverTimestamp"":1738486177207}",Vswell,T63263,AES El Salvador,America/El_Salvador (UTC/GMT -6:00),3.0,,0.0,7.0,,,127.5,,,0.015,,,,,
10457.0,862754053334016.0,8.0,AlertVoltageSwell2,Voltage Swell: 120/240/277V,02/02/2025 08:49:51 AM,02/02/2025 02:49:51 AM,02/02/2025 02:49:51 AM,13.746678,-89.362623,1.0,T63263,Nivel de piso,0.0,835.0,,,"{""data"":[{""phase"":1,""alertDuration"":256,""deviceTimestamp"":1738486186,""receivedAtTimestamp"":1738486185707,""value"":127.5,""customerId"":""646703"",""serverTimestamp"":1738486185709}],""msgType"":288,""msgStr"":""AlertAggregatedVoltageSwell120/240/277V"",""deviceTimestamp"":1738486186,""serverTimestamp"":1738486185709}",Vswell,T63263,AES El Salvador,America/El_Salvador (UTC/GMT -6:00),3.0,,0.0,7.0,,,127.5,,,0.015,,,,,
12021.0,862754053334016.0,8.0,AlertVoltageSwell2,Voltage Swell: 120/240/277V,02/03/2025 12:37:40 PM,02/03/2025 06:37:40 AM,02/03/2025 06:37:40 AM,13.746678,-89.362623,1.0,T63263,Nivel de piso,0.0,835.0,,,"{""data"":[{""phase"":1,""alertDuration"":384,""deviceTimestamp"":1738586257,""receivedAtTimestamp"":1738586257322,""value"":127,""customerId"":""646703"",""serverTimestamp"":1738586257324}],""msgType"":288,""msgStr"":""AlertAggregatedVoltageSwell120/240/277V"",""deviceTimestamp"":1738586257,""serverTimestamp"":1738586257324}",Vswell,T63263,AES El Salvador,America/El_Salvador (UTC/GMT -6:00),3.0,,0.0,7.0,,,127.0,,,0.023,,,,,
12147.0,862754053334016.0,8.0,AlertVoltageSwell2,Voltage Swell: 120/240/277V,02/04/2025 11:43:45 AM,02/04/2025 05:43:45 AM,02/04/2025 05:43:45 AM,13.746678,-89.362623,1.0,T63263,Nivel de piso,0.0,835.0,,,"{""data"":[{""phase"":2,""alertDuration"":384,""deviceTimestamp"":1738669420,""receivedAtTimestamp"":1738669419587,""value"":126.4,""customerId"":""646703"",""serverTimestamp"":1738669419680}],""msgType"":288,""msgStr"":""AlertAggregatedVoltageSwell120/240/277V"",""deviceTimestamp"":1738669420,""serverTimestamp"":1738669419680}",Vswell,T63263,AES El Salvador,America/El_Salvador (UTC/GMT -6:00),3.0,,0.0,7.0,,,,,126.4,,,0.023,,,
12202.0,862754053334016.0,8.0,AlertVoltageSwell2,Voltage Swell: 120/240/277V,02/04/2025 11:44:18 AM,02/04/2025 05:44:18 AM,02/04/2025 05:44:18 AM,13.746678,-89.362623,1.0,T63263,Nivel de piso,0.0,835.0,,,"{""data"":[{""phase"":2,""alertDuration"":6475008,""deviceTimestamp"":1738669453,""receivedAtTimestamp"":1738669452416,""value"":127.1,""customerId"":""646703"",""serverTimestamp"":1738669452418},{""phase"":2,""alertDuration"":6483456,""deviceTimestamp"":1738669453,""receivedAtTimestamp"":1738669451916,""value"":126.9,""customerId"":""646703"",""serverTimestamp"":1738669452042},{""phase"":2,""alertDuration"":6475136,""deviceTimestamp"":1738669454,""receivedAtTimestamp"":1738669453015,""value"":127.1,""customerId"":""646703"",""serverTimestamp"":1738669453156}],""msgType"":288,""msgStr"":""AlertAggregatedVoltageSwell120/240/277V"",""deviceTimestamp"":1738669453,""serverTimestamp"":1738669452042}",Vswell,T63263,AES El Salvador,America/El_Salvador (UTC/GMT -6:00),3.0,,0.0,7.0,,,,,127.1,,,388.5,,,
12263.0,862754053334016.0,8.0,AlertVoltageSwell2,Voltage Swell: 120/240/277V,02/04/2025 11:46:27 AM,02/04/2025 05:46:27 AM,02/04/2025 05:46:27 AM,13.746678,-89.362623,1.0,T63263,Nivel de piso,0.0,835.0,,,"{""data"":[{""phase"":2,""alertDuration"":256,""deviceTimestamp"":47041,""receivedAtTimestamp"":1738669586890,""value"":127,""customerId"":""646703"",""serverTimestamp"":1738669586891}],""msgType"":288,""msgStr"":""AlertAggregatedVoltageSwell120/240/277V"",""deviceTimestamp"":47041,""serverTimestamp"":1738669586891}",Vswell,T63263,AES El Salvador,America/El_Salvador (UTC/GMT -6:00),3.0,,0.0,7.0,,,,,127.0,,,0.015,,,
12267.0,862754053334016.0,8.0,AlertVoltageSwell2,Voltage Swell: 120/240/277V,02/04/2025 11:46:29 AM,02/04/2025 05:46:29 AM,02/04/2025 05:46:29 AM,13.746678,-89.362623,1.0,T63263,Nivel de piso,0.0,835.0,,,"{""data"":[{""phase"":2,""alertDuration"":256,""deviceTimestamp"":46539,""receivedAtTimestamp"":1738669588099,""value"":127,""customerId"":""646703"",""serverTimestamp"":1738669588100}],""msgType"":288,""msgStr"":""AlertAggregatedVoltageSwell120/240/277V"",""deviceTimestamp"":46539,""serverTimestamp"":1738669588100}",Vswell,T63263,AES El Salvador,America/El_Salvador (UTC/GMT -6:00),3.0,,0.0,7.0,,,,,127.0,,,0.015,,,
12270.0,862754053334016.0,8.0,AlertVoltageSwell2,Voltage Swell: 120/240/277V,02/04/2025 11:46:30 AM,02/04/2025 05:46:30 AM,02/04/2025 05:46:30 AM,13.746678,-89.362623,1.0,T63263,Nivel de piso,0.0,835.0,,,"{""data"":[{""phase"":2,""alertDuration"":256,""deviceTimestamp"":45687,""receivedAtTimestamp"":1738669589899,""value"":126.9,""customerId"":""646703"",""serverTimestamp"":1738669589951}],""msgType"":288,""msgStr"":""AlertAggregatedVoltageSwell120/240/277V"",""deviceTimestamp"":45687,""serverTimestamp"":1738669589951}",Vswell,T63263,AES El Salvador,America/El_Salvador (UTC/GMT -6:00),3.0,,0.0,7.0,,,,,126.9,,,0.015,,,
12274.0,862754053334016.0,8.0,AlertVoltageSwell2,Voltage Swell: 120/240/277V,02/04/2025 11:46:32 AM,02/04/2025 05:46:32 AM,02/04/2025 05:46:32 AM,13.746678,-89.362623,1.0,T63263,Nivel de piso,0.0,835.0,,,"{""data"":[{""phase"":2,""alertDuration"":256,""deviceTimestamp"":44934,""receivedAtTimestamp"":1738669591099,""value"":127.1,""customerId"":""646703"",""serverTimestamp"":1738669591469}],""msgType"":288,""msgStr"":""AlertAggregatedVoltageSwell120/240/277V"",""deviceTimestamp"":44934,""serverTimestamp"":1738669591469}",Vswell,T63263,AES El Salvador,America/El_Salvador (UTC/GMT -6:00),3.0,,0.0,7.0,,,,,127.1,,,0.015,,,
12277.0,862754053334016.0,8.0,AlertVoltageSwell2,Voltage Swell: 120/240/277V,02/04/2025 11:46:33 AM,02/04/2025 05:46:33 AM,02/04/2025 05:46:33 AM,13.746678,-89.362623,1.0,T63263,Nivel de piso,0.0,835.0,,,"{""data"":[{""phase"":2,""alertDuration"":8576,""deviceTimestamp"":44031,""receivedAtTimestamp"":1738669592900,""value"":127,""customerId"":""646703"",""serverTimestamp"":1738669592991}],""msgType"":288,""msgStr"":""AlertAggregatedVoltageSwell120/240/277V"",""deviceTimestamp"":44031,""serverTimestamp"":1738669592991}",Vswell,T63263,AES El Salvador,America/El_Salvador (UTC/GMT -6:00),3.0,,0.0,7.0,,,,,127.0,,,0.515,,,
12281.0,862754053334016.0,8.0,AlertVoltageSwell2,Voltage Swell: 120/240/277V,02/04/2025 11:46:35 AM,02/04/2025 05:46:35 AM,02/04/2025 05:46:35 AM,13.746678,-89.362623,1.0,T63263,Nivel de piso,0.0,835.0,,,"{""data"":[{""phase"":2,""alertDuration"":17024,""deviceTimestamp"":43279,""receivedAtTimestamp"":1738669594110,""value"":127,""customerId"":""646703"",""serverTimestamp"":1738669594243}],""msgType"":288,""msgStr"":""AlertAggregatedVoltageSwell120/240/277V"",""deviceTimestamp"":43279,""serverTimestamp"":1738669594243}",Vswell,T63263,AES El Salvador,America/El_Salvador (UTC/GMT -6:00),3.0,,0.0,7.0,,,,,127.0,,,1.021,,,
12284.0,862754053334016.0,8.0,AlertVoltageSwell2,Voltage Swell: 120/240/277V,02/04/2025 11:46:36 AM,02/04/2025 05:46:36 AM,02/04/2025 05:46:36 AM,13.746678,-89.362623,1.0,T63263,Nivel de piso,0.0,835.0,,,"{""data"":[{""phase"":2,""alertDuration"":41984,""deviceTimestamp"":42369,""receivedAtTimestamp"":1738669595909,""value"":127.1,""customerId"":""646703"",""serverTimestamp"":1738669595945}],""msgType"":288,""msgStr"":""AlertAggregatedVoltageSwell120/240/277V"",""deviceTimestamp"":42369,""serverTimestamp"":1738669595945}",Vswell,T63263,AES El Salvador,America/El_Salvador (UTC/GMT -6:00),3.0,,0.0,7.0,,,,,127.1,,,2.519,,,
12288.0,862754053334016.0,8.0,AlertVoltageSwell2,Voltage Swell: 120/240/277V,02/04/2025 11:46:38 AM,02/04/2025 05:46:38 AM,02/04/2025 05:46:38 AM,13.746678,-89.362623,1.0,T63263,Nivel de piso,0.0,835.0,,,"{""data"":[{""phase"":2,""alertDuration"":8576,""deviceTimestamp"":41667,""receivedAtTimestamp"":1738669597121,""value"":127,""customerId"":""646703"",""serverTimestamp"":1738669597191}],""msgType"":288,""msgStr"":""AlertAggregatedVoltageSwell120/240/277V"",""deviceTimestamp"":41667,""serverTimestamp"":1738669597191}",Vswell,T63263,AES El Salvador,America/El_Salvador (UTC/GMT -6:00),3.0,,0.0,7.0,,,,,127.0,,,0.515,,,
12291.0,862754053334016.0,8.0,AlertVoltageSwell2,Voltage Swell: 120/240/277V,02/04/2025 11:46:39 AM,02/04/2025 05:46:39 AM,02/04/2025 05:46:39 AM,13.746678,-89.362623,1.0,T63263,Nivel de piso,0.0,835.0,,,"{""data"":[{""phase"":2,""alertDuration"":256,""deviceTimestamp"":40813,""receivedAtTimestamp"":1738669598938,""value"":127.1,""customerId"":""646703"",""serverTimestamp"":1738669599096}],""msgType"":288,""msgStr"":""AlertAggregatedVoltageSwell120/240/277V"",""deviceTimestamp"":40813,""serverTimestamp"":1738669599096}",Vswell,T63263,AES El Salvador,America/El_Salvador (UTC/GMT -6:00),3.0,,0.0,7.0,,,,,127.1,,,0.015,,,
12293.0,862754053334016.0,8.0,AlertVoltageSwell2,Voltage Swell: 120/240/277V,02/04/2025 11:46:41 AM,02/04/2025 05:46:41 AM,02/04/2025 05:46:41 AM,13.746678,-89.362623,1.0,T63263,Nivel de piso,0.0,835.0,,,"{""data"":[{""phase"":2,""alertDuration"":384,""deviceTimestamp"":40261,""receivedAtTimestamp"":1738669600129,""value"":127,""customerId"":""646703"",""serverTimestamp"":1738669600131}],""msgType"":288,""msgStr"":""AlertAggregatedVoltageSwell120/240/277V"",""deviceTimestamp"":40261,""serverTimestamp"":1738669600131}",Vswell,T63263,AES El Salvador,America/El_Salvador (UTC/GMT -6:00),3.0,,0.0,7.0,,,,,127.0,,,0.023,,,
12314.0,862754053334016.0,8.0,AlertVoltageSwell2,Voltage Swell: 120/240/277V,02/04/2025 11:47:02 AM,02/04/2025 05:47:02 AM,02/04/2025 05:47:02 AM,13.746678,-89.362623,1.0,T63263,Nivel de piso,0.0,835.0,,,"{""data"":[{""phase"":2,""alertDuration"":256,""deviceTimestamp"":1738669619,""receivedAtTimestamp"":1738669618882,""value"":126.8,""customerId"":""646703"",""serverTimestamp"":1738669618885},{""phase"":2,""alertDuration"":256,""deviceTimestamp"":1738669620,""receivedAtTimestamp"":1738669620481,""value"":126.8,""customerId"":""646703"",""serverTimestamp"":1738669620482}],""msgType"":288,""msgStr"":""AlertAggregatedVoltageSwell120/240/277V"",""deviceTimestamp"":1738669619,""serverTimestamp"":1738669618885}",Vswell,T63263,AES El Salvador,America/El_Salvador (UTC/GMT -6:00),3.0,,0.0,7.0,,,,,126.8,,,0.015,,,
12320.0,862754053334016.0,8.0,AlertVoltageSwell2,Voltage Swell: 120/240/277V,02/04/2025 11:47:08 AM,02/04/2025 05:47:08 AM,02/04/2025 05:47:08 AM,13.746678,-89.362623,1.0,T63263,Nivel de piso,0.0,835.0,,,"{""data"":[{""phase"":2,""alertDuration"":384,""deviceTimestamp"":1738669624,""receivedAtTimestamp"":1738669624610,""value"":126.9,""customerId"":""646703"",""serverTimestamp"":1738669625006},{""phase"":2,""alertDuration"":256,""deviceTimestamp"":1738669626,""receivedAtTimestamp"":1738669626706,""value"":126.9,""customerId"":""646703"",""serverTimestamp"":1738669626707}],""msgType"":288,""msgStr"":""AlertAggregatedVoltageSwell120/240/277V"",""deviceTimestamp"":1738669624,""serverTimestamp"":1738669625006}",Vswell,T63263,AES El Salvador,America/El_Salvador (UTC/GMT -6:00),3.0,,0.0,7.0,,,,,126.9,,,0.015,,,
12331.0,862754053334016.0,8.0,AlertVoltageSwell2,Voltage Swell: 120/240/277V,02/04/2025 11:47:15 AM,02/04/2025 05:47:15 AM,02/04/2025 05:47:15 AM,13.746678,-89.362623,1.0,T63263,Nivel de piso,0.0,835.0,,,"{""data"":[{""phase"":2,""alertDuration"":256,""deviceTimestamp"":1738669630,""receivedAtTimestamp"":1738669630513,""value"":127,""customerId"":""646703"",""serverTimestamp"":1738669630515}],""msgType"":288,""msgStr"":""AlertAggregatedVoltageSwell120/240/277V"",""deviceTimestamp"":1738669630,""serverTimestamp"":1738669630515}",Vswell,T63263,AES El Salvador,America/El_Salvador (UTC/GMT -6:00),3.0,,0.0,7.0,,,,,127.0,,,0.015,,,
12614.0,862754053334016.0,8.0,AlertVoltageSwell2,Voltage Swell: 120/240/277V,02/06/2025 07:39:01 AM,02/06/2025 01:39:01 AM,02/06/2025 01:39:01 AM,13.746678,-89.362623,1.0,T63263,Nivel de piso,0.0,835.0,,,"{""data"":[{""phase"":2,""alertDuration"":384,""deviceTimestamp"":1738827536,""receivedAtTimestamp"":1738827535273,""value"":125.7,""customerId"":""646703"",""serverTimestamp"":1738827535275}],""msgType"":288,""msgStr"":""AlertAggregatedVoltageSwell120/240/277V"",""deviceTimestamp"":1738827536,""serverTimestamp"":1738827535275}",Vswell,T63263,AES El Salvador,America/El_Salvador (UTC/GMT -6:00),3.0,,0.0,7.0,,,,,125.7,,,0.023,,,
13009.0,862754053334016.0,8.0,AlertVoltageSwell2,Voltage Swell: 120/240/277V,02/08/2025 05:37:05 AM,02/07/2025 11:37:05 PM,02/07/2025 11:37:05 PM,13.746678,-89.362623,1.0,T63263,Nivel de piso,0.0,835.0,,,"{""data"":[{""phase"":1,""alertDuration"":256,""deviceTimestamp"":1738993020,""receivedAtTimestamp"":1738993019224,""value"":125.7,""customerId"":""646703"",""serverTimestamp"":1738993019225}],""msgType"":288,""msgStr"":""AlertAggregatedVoltageSwell120/240/277V"",""deviceTimestamp"":1738993020,""serverTimestamp"":1738993019225}",Vswell,T63263,AES El Salvador,America/El_Salvador (UTC/GMT -6:00),3.0,,0.0,7.0,,,125.7,,,0.015,,,,,
13497.0,862754053334016.0,8.0,AlertVoltageSwell2,Voltage Swell: 120/240/277V,02/10/2025 09:18:14 AM,02/10/2025 03:18:14 AM,02/10/2025 03:18:14 AM,13.746678,-89.362623,1.0,T63263,Nivel de piso,0.0,835.0,,,"{""data"":[{""phase"":2,""alertDuration"":256,""deviceTimestamp"":1739179090,""receivedAtTimestamp"":1739179089600,""value"":127.1,""customerId"":""646703"",""serverTimestamp"":1739179089601},{""phase"":2,""alertDuration"":256,""deviceTimestamp"":1739179091,""receivedAtTimestamp"":1739179090008,""value"":127.1,""customerId"":""646703"",""serverTimestamp"":1739179090048}],""msgType"":288,""msgStr"":""AlertAggregatedVoltageSwell120/240/277V"",""deviceTimestamp"":1739179090,""serverTimestamp"":1739179089601}",Vswell,T63263,AES El Salvador,America/El_Salvador (UTC/GMT -6:00),3.0,,0.0,7.0,,,,,127.1,,,0.015,,,
13548.0,862754053334016.0,8.0,AlertVoltageSwell2,Voltage Swell: 120/240/277V,02/10/2025 09:26:50 AM,02/10/2025 03:26:50 AM,02/10/2025 03:26:50 AM,13.746678,-89.362623,1.0,T63263,Nivel de piso,0.0,835.0,,,"{""data"":[{""phase"":2,""alertDuration"":256,""deviceTimestamp"":1739179607,""receivedAtTimestamp"":1739179607124,""value"":127.1,""customerId"":""646703"",""serverTimestamp"":1739179607125}],""msgType"":288,""msgStr"":""AlertAggregatedVoltageSwell120/240/277V"",""deviceTimestamp"":1739179607,""serverTimestamp"":1739179607125}",Vswell,T63263,AES El Salvador,America/El_Salvador (UTC/GMT -6:00),3.0,,0.0,7.0,,,,,127.1,,,0.015,,,
13566.0,862754053334016.0,8.0,AlertVoltageSwell2,Voltage Swell: 120/240/277V,02/10/2025 09:49:30 AM,02/10/2025 03:49:30 AM,02/10/2025 03:49:30 AM,13.746678,-89.362623,1.0,T63263,Nivel de piso,0.0,835.0,,,"{""data"":[{""phase"":2,""alertDuration"":8576,""deviceTimestamp"":1739180967,""receivedAtTimestamp"":1739180966677,""value"":127.2,""customerId"":""646703"",""serverTimestamp"":1739180966842},{""phase"":2,""alertDuration"":256,""deviceTimestamp"":1739180968,""receivedAtTimestamp"":1739180967179,""value"":127.1,""customerId"":""646703"",""serverTimestamp"":1739180967181},{""phase"":2,""alertDuration"":256,""deviceTimestamp"":1739180969,""receivedAtTimestamp"":1739180967779,""value"":127.1,""customerId"":""646703"",""serverTimestamp"":1739180967794},{""phase"":2,""alertDuration"":256,""deviceTimestamp"":1739180969,""receivedAtTimestamp"":1739180968379,""value"":127,""customerId"":""646703"",""serverTimestamp"":1739180968381}],""msgType"":288,""msgStr"":""AlertAggregatedVoltageSwell120/240/277V"",""deviceTimestamp"":1739180967,""serverTimestamp"":1739180966842}",Vswell,T63263,AES El Salvador,America/El_Salvador (UTC/GMT -6:00),3.0,,0.0,7.0,,,,,127.0,,,0.015,,,
13638.0,862754053334016.0,8.0,AlertVoltageSwell2,Voltage Swell: 120/240/277V,02/10/2025 09:51:35 AM,02/10/2025 03:51:35 AM,02/10/2025 03:51:35 AM,13.746678,-89.362623,1.0,T63263,Nivel de piso,0.0,835.0,,,"{""data"":[{""phase"":2,""alertDuration"":256,""deviceTimestamp"":1739181091,""receivedAtTimestamp"":1739181090900,""value"":127.1,""customerId"":""646703"",""serverTimestamp"":1739181090902},{""phase"":2,""alertDuration"":256,""deviceTimestamp"":1739181092,""receivedAtTimestamp"":1739181091401,""value"":127.1,""customerId"":""646703"",""serverTimestamp"":1739181091403},{""phase"":2,""alertDuration"":256,""deviceTimestamp"":1739181093,""receivedAtTimestamp"":1739181092501,""value"":127.1,""customerId"":""646703"",""serverTimestamp"":1739181092503}],""msgType"":288,""msgStr"":""AlertAggregatedVoltageSwell120/240/277V"",""deviceTimestamp"":1739181091,""serverTimestamp"":1739181090902}",Vswell,T63263,AES El Salvador,America/El_Salvador (UTC/GMT -6:00),3.0,,0.0,7.0,,,,,127.1,,,0.015,,,
13642.0,862754053334016.0,8.0,AlertVoltageSwell2,Voltage Swell: 120/240/277V,02/10/2025 09:51:39 AM,02/10/2025 03:51:39 AM,02/10/2025 03:51:39 AM,13.746678,-89.362623,1.0,T63263,Nivel de piso,0.0,835.0,,,"{""data"":[{""phase"":2,""alertDuration"":25216,""deviceTimestamp"":1739181096,""receivedAtTimestamp"":1739181095812,""value"":127.1,""customerId"":""646703"",""serverTimestamp"":1739181095814},{""phase"":2,""alertDuration"":6483456,""deviceTimestamp"":1739181096,""receivedAtTimestamp"":1739181095212,""value"":127.1,""customerId"":""646703"",""serverTimestamp"":1739181095214},{""phase"":2,""alertDuration"":384,""deviceTimestamp"":1739181097,""receivedAtTimestamp"":1739181096953,""value"":127,""customerId"":""646703"",""serverTimestamp"":1739181096954}],""msgType"":288,""msgStr"":""AlertAggregatedVoltageSwell120/240/277V"",""deviceTimestamp"":1739181096,""serverTimestamp"":1739181095214}",Vswell,T63263,AES El Salvador,America/El_Salvador (UTC/GMT -6:00),3.0,,0.0,7.0,,,,,127.0,,,0.023,,,
13645.0,862754053334016.0,8.0,AlertVoltageSwell2,Voltage Swell: 120/240/277V,02/10/2025 09:51:44 AM,02/10/2025 03:51:44 AM,02/10/2025 03:51:44 AM,13.746678,-89.362623,1.0,T63263,Nivel de piso,0.0,835.0,,,"{""data"":[{""phase"":2,""alertDuration"":256,""deviceTimestamp"":1739181101,""receivedAtTimestamp"":1739181100742,""value"":127.1,""customerId"":""646703"",""serverTimestamp"":1739181100743},{""phase"":2,""alertDuration"":256,""deviceTimestamp"":1739181102,""receivedAtTimestamp"":1739181101912,""value"":127.1,""customerId"":""646703"",""serverTimestamp"":1739181101913}],""msgType"":288,""msgStr"":""AlertAggregatedVoltageSwell120/240/277V"",""deviceTimestamp"":1739181101,""serverTimestamp"":1739181100743}",Vswell,T63263,AES El Salvador,America/El_Salvador (UTC/GMT -6:00),3.0,,0.0,7.0,,,,,127.1,,,0.015,,,
13648.0,862754053334016.0,8.0,AlertVoltageSwell2,Voltage Swell: 120/240/277V,02/10/2025 09:51:50 AM,02/10/2025 03:51:50 AM,02/10/2025 03:51:50 AM,13.746678,-89.362623,1.0,T63263,Nivel de piso,0.0,835.0,,,"{""data"":[{""phase"":2,""alertDuration"":256,""deviceTimestamp"":1739181106,""receivedAtTimestamp"":1739181105452,""value"":127.1,""customerId"":""646703"",""serverTimestamp"":1739181105454}],""msgType"":288,""msgStr"":""AlertAggregatedVoltageSwell120/240/277V"",""deviceTimestamp"":1739181106,""serverTimestamp"":1739181105454}",Vswell,T63263,AES El Salvador,America/El_Salvador (UTC/GMT -6:00),3.0,,0.0,7.0,,,,,127.1,,,0.015,,,
13651.0,862754053334016.0,8.0,AlertVoltageSwell2,Voltage Swell: 120/240/277V,02/10/2025 09:51:56 AM,02/10/2025 03:51:56 AM,02/10/2025 03:51:56 AM,13.746678,-89.362623,1.0,T63263,Nivel de piso,0.0,835.0,,,"{""data"":[{""phase"":2,""alertDuration"":256,""deviceTimestamp"":1739181113,""receivedAtTimestamp"":1739181112872,""value"":127,""customerId"":""646703"",""serverTimestamp"":1739181112873},{""phase"":2,""alertDuration"":384,""deviceTimestamp"":1739181113,""receivedAtTimestamp"":1739181112303,""value"":127,""customerId"":""646703"",""serverTimestamp"":1739181112304}],""msgType"":288,""msgStr"":""AlertAggregatedVoltageSwell120/240/277V"",""deviceTimestamp"":1739181113,""serverTimestamp"":1739181112304}",Vswell,T63263,AES El Salvador,America/El_Salvador (UTC/GMT -6:00),3.0,,0.0,7.0,,,,,127.0,,,0.023,,,
13656.0,862754053334016.0,8.0,AlertVoltageSwell2,Voltage Swell: 120/240/277V,02/10/2025 09:52:02 AM,02/10/2025 03:52:02 AM,02/10/2025 03:52:02 AM,13.746678,-89.362623,1.0,T63263,Nivel de piso,0.0,835.0,,,"{""data"":[{""phase"":2,""alertDuration"":256,""deviceTimestamp"":1739181118,""receivedAtTimestamp"":1739181117472,""value"":127,""customerId"":""646703"",""serverTimestamp"":1739181117474},{""phase"":2,""alertDuration"":256,""deviceTimestamp"":1739181119,""receivedAtTimestamp"":1739181118080,""value"":127,""customerId"":""646703"",""serverTimestamp"":1739181118082},{""phase"":2,""alertDuration"":256,""deviceTimestamp"":1739181120,""receivedAtTimestamp"":1739181119612,""value"":127,""customerId"":""646703"",""serverTimestamp"":1739181119689}],""msgType"":288,""msgStr"":""AlertAggregatedVoltageSwell120/240/277V"",""deviceTimestamp"":1739181118,""serverTimestamp"":1739181117474}",Vswell,T63263,AES El Salvador,America/El_Salvador (UTC/GMT -6:00),3.0,,0.0,7.0,,,,,127.0,,,0.015,,,
13660.0,862754053334016.0,8.0,AlertVoltageSwell2,Voltage Swell: 120/240/277V,02/10/2025 09:52:08 AM,02/10/2025 03:52:08 AM,02/10/2025 03:52:08 AM,13.746678,-89.362623,1.0,T63263,Nivel de piso,0.0,835.0,,,"{""data"":[{""phase"":2,""alertDuration"":256,""deviceTimestamp"":1739181124,""receivedAtTimestamp"":1739181124111,""value"":127.2,""customerId"":""646703"",""serverTimestamp"":1739181124112},{""phase"":2,""alertDuration"":256,""deviceTimestamp"":1739181125,""receivedAtTimestamp"":1739181124592,""value"":127.1,""customerId"":""646703"",""serverTimestamp"":1739181124594}],""msgType"":288,""msgStr"":""AlertAggregatedVoltageSwell120/240/277V"",""deviceTimestamp"":1739181124,""serverTimestamp"":1739181124112}",Vswell,T63263,AES El Salvador,America/El_Salvador (UTC/GMT -6:00),3.0,,0.0,7.0,,,,,127.1,,,0.015,,,
13664.0,862754053334016.0,8.0,AlertVoltageSwell2,Voltage Swell: 120/240/277V,02/10/2025 09:52:15 AM,02/10/2025 03:52:15 AM,02/10/2025 03:52:15 AM,13.746678,-89.362623,1.0,T63263,Nivel de piso,0.0,835.0,,,"{""data"":[{""phase"":2,""alertDuration"":256,""deviceTimestamp"":1739181132,""receivedAtTimestamp"":1739181131392,""value"":127.1,""customerId"":""646703"",""serverTimestamp"":1739181131395},{""phase"":2,""alertDuration"":256,""deviceTimestamp"":1739181132,""receivedAtTimestamp"":1739181131911,""value"":127.1,""customerId"":""646703"",""serverTimestamp"":1739181131912},{""phase"":2,""alertDuration"":256,""deviceTimestamp"":1739181133,""receivedAtTimestamp"":1739181132520,""value"":127.1,""customerId"":""646703"",""serverTimestamp"":1739181132522}],""msgType"":288,""msgStr"":""AlertAggregatedVoltageSwell120/240/277V"",""deviceTimestamp"":1739181132,""serverTimestamp"":1739181131395}",Vswell,T63263,AES El Salvador,America/El_Salvador (UTC/GMT -6:00),3.0,,0.0,7.0,,,,,127.1,,,0.015,,,
13667.0,862754053334016.0,8.0,AlertVoltageSwell2,Voltage Swell: 120/240/277V,02/10/2025 09:52:20 AM,02/10/2025 03:52:20 AM,02/10/2025 03:52:20 AM,13.746678,-89.362623,1.0,T63263,Nivel de piso,0.0,835.0,,,"{""data"":[{""phase"":2,""alertDuration"":256,""deviceTimestamp"":1739181136,""receivedAtTimestamp"":1739181135220,""value"":127.1,""customerId"":""646703"",""serverTimestamp"":1739181135222},{""phase"":2,""alertDuration"":256,""deviceTimestamp"":1739181138,""receivedAtTimestamp"":1739181137320,""value"":127.1,""customerId"":""646703"",""serverTimestamp"":1739181137322}],""msgType"":288,""msgStr"":""AlertAggregatedVoltageSwell120/240/277V"",""deviceTimestamp"":1739181136,""serverTimestamp"":1739181135222}",Vswell,T63263,AES El Salvador,America/El_Salvador (UTC/GMT -6:00),3.0,,0.0,7.0,,,,,127.1,,,0.015,,,
13671.0,862754053334016.0,8.0,AlertVoltageSwell2,Voltage Swell: 120/240/277V,02/10/2025 09:52:29 AM,02/10/2025 03:52:29 AM,02/10/2025 03:52:29 AM,13.746678,-89.362623,1.0,T63263,Nivel de piso,0.0,835.0,,,"{""data"":[{""phase"":2,""alertDuration"":256,""deviceTimestamp"":1739181146,""receivedAtTimestamp"":1739181145533,""value"":127.1,""customerId"":""646703"",""serverTimestamp"":1739181145600},{""phase"":2,""alertDuration"":384,""deviceTimestamp"":1739181147,""receivedAtTimestamp"":1739181146630,""value"":127.1,""customerId"":""646703"",""serverTimestamp"":1739181146632}],""msgType"":288,""msgStr"":""AlertAggregatedVoltageSwell120/240/277V"",""deviceTimestamp"":1739181146,""serverTimestamp"":1739181145600}",Vswell,T63263,AES El Salvador,America/El_Salvador (UTC/GMT -6:00),3.0,,0.0,7.0,,,,,127.1,,,0.023,,,
13676.0,862754053334016.0,8.0,AlertVoltageSwell2,Voltage Swell: 120/240/277V,02/10/2025 09:52:38 AM,02/10/2025 03:52:38 AM,02/10/2025 03:52:38 AM,13.746678,-89.362623,1.0,T63263,Nivel de piso,0.0,835.0,,,"{""data"":[{""phase"":2,""alertDuration"":256,""deviceTimestamp"":1739181154,""receivedAtTimestamp"":1739181153759,""value"":127.1,""customerId"":""646703"",""serverTimestamp"":1739181153761},{""phase"":2,""alertDuration"":33664,""deviceTimestamp"":1739181155,""receivedAtTimestamp"":1739181154439,""value"":127.2,""customerId"":""646703"",""serverTimestamp"":1739181154440},{""phase"":2,""alertDuration"":256,""deviceTimestamp"":1739181156,""receivedAtTimestamp"":1739181155641,""value"":127.2,""customerId"":""646703"",""serverTimestamp"":1739181155643}],""msgType"":288,""msgStr"":""AlertAggregatedVoltageSwell120/240/277V"",""deviceTimestamp"":1739181154,""serverTimestamp"":1739181153761}",Vswell,T63263,AES El Salvador,America/El_Salvador (UTC/GMT -6:00),3.0,,0.0,7.0,,,,,127.2,,,0.015,,,
13678.0,862754053334016.0,8.0,AlertVoltageSwell2,Voltage Swell: 120/240/277V,02/10/2025 09:52:44 AM,02/10/2025 03:52:44 AM,02/10/2025 03:52:44 AM,13.746678,-89.362623,1.0,T63263,Nivel de piso,0.0,835.0,,,"{""data"":[{""phase"":2,""alertDuration"":256,""deviceTimestamp"":1739181160,""receivedAtTimestamp"":1739181159359,""value"":127.2,""customerId"":""646703"",""serverTimestamp"":1739181159361}],""msgType"":288,""msgStr"":""AlertAggregatedVoltageSwell120/240/277V"",""deviceTimestamp"":1739181160,""serverTimestamp"":1739181159361}",Vswell,T63263,AES El Salvador,America/El_Salvador (UTC/GMT -6:00),3.0,,0.0,7.0,,,,,127.2,,,0.015,,,
13682.0,862754053334016.0,8.0,AlertVoltageSwell2,Voltage Swell: 120/240/277V,02/10/2025 09:52:50 AM,02/10/2025 03:52:50 AM,02/10/2025 03:52:50 AM,13.746678,-89.362623,1.0,T63263,Nivel de piso,0.0,835.0,,,"{""data"":[{""phase"":2,""alertDuration"":256,""deviceTimestamp"":1739181167,""receivedAtTimestamp"":1739181167142,""value"":127.1,""customerId"":""646703"",""serverTimestamp"":1739181167144},{""phase"":2,""alertDuration"":256,""deviceTimestamp"":1739181169,""receivedAtTimestamp"":1739181168170,""value"":127.1,""customerId"":""646703"",""serverTimestamp"":1739181168172}],""msgType"":288,""msgStr"":""AlertAggregatedVoltageSwell120/240/277V"",""deviceTimestamp"":1739181167,""serverTimestamp"":1739181167144}",Vswell,T63263,AES El Salvador,America/El_Salvador (UTC/GMT -6:00),3.0,,0.0,7.0,,,,,127.1,,,0.015,,,
13686.0,862754053334016.0,8.0,AlertVoltageSwell2,Voltage Swell: 120/240/277V,02/10/2025 09:52:56 AM,02/10/2025 03:52:56 AM,02/10/2025 03:52:56 AM,13.746678,-89.362623,1.0,T63263,Nivel de piso,0.0,835.0,,,"{""data"":[{""phase"":2,""alertDuration"":256,""deviceTimestamp"":1739181173,""receivedAtTimestamp"":1739181173412,""value"":127.1,""customerId"":""646703"",""serverTimestamp"":1739181173414},{""phase"":2,""alertDuration"":256,""deviceTimestamp"":1739181175,""receivedAtTimestamp"":1739181174480,""value"":127.1,""customerId"":""646703"",""serverTimestamp"":1739181174482}],""msgType"":288,""msgStr"":""AlertAggregatedVoltageSwell120/240/277V"",""deviceTimestamp"":1739181173,""serverTimestamp"":1739181173414}",Vswell,T63263,AES El Salvador,America/El_Salvador (UTC/GMT -6:00),3.0,,0.0,7.0,,,,,127.1,,,0.015,,,
13689.0,862754053334016.0,8.0,AlertVoltageSwell2,Voltage Swell: 120/240/277V,02/10/2025 09:53:00 AM,02/10/2025 03:53:00 AM,02/10/2025 03:53:00 AM,13.746678,-89.362623,1.0,T63263,Nivel de piso,0.0,835.0,,,"{""data"":[{""phase"":2,""alertDuration"":256,""deviceTimestamp"":1739181177,""receivedAtTimestamp"":1739181176099,""value"":127.1,""customerId"":""646703"",""serverTimestamp"":1739181176114},{""phase"":2,""alertDuration"":384,""deviceTimestamp"":1739181177,""receivedAtTimestamp"":1739181176714,""value"":127.2,""customerId"":""646703"",""serverTimestamp"":1739181176716},{""phase"":2,""alertDuration"":256,""deviceTimestamp"":1739181178,""receivedAtTimestamp"":1739181177790,""value"":127.1,""customerId"":""646703"",""serverTimestamp"":1739181177792}],""msgType"":288,""msgStr"":""AlertAggregatedVoltageSwell120/240/277V"",""deviceTimestamp"":1739181177,""serverTimestamp"":1739181176114}",Vswell,T63263,AES El Salvador,America/El_Salvador (UTC/GMT -6:00),3.0,,0.0,7.0,,,,,127.1,,,0.015,,,
13693.0,862754053334016.0,8.0,AlertVoltageSwell2,Voltage Swell: 120/240/277V,02/10/2025 09:53:05 AM,02/10/2025 03:53:05 AM,02/10/2025 03:53:05 AM,13.746678,-89.362623,1.0,T63263,Nivel de piso,0.0,835.0,,,"{""data"":[{""phase"":2,""alertDuration"":384,""deviceTimestamp"":1739181182,""receivedAtTimestamp"":1739181181509,""value"":127.1,""customerId"":""646703"",""serverTimestamp"":1739181181510},{""phase"":2,""alertDuration"":256,""deviceTimestamp"":1739181184,""receivedAtTimestamp"":1739181183682,""value"":127.1,""customerId"":""646703"",""serverTimestamp"":1739181183684},{""phase"":2,""alertDuration"":384,""deviceTimestamp"":1739181184,""receivedAtTimestamp"":1739181183111,""value"":127.1,""customerId"":""646703"",""serverTimestamp"":1739181183113}],""msgType"":288,""msgStr"":""AlertAggregatedVoltageSwell120/240/277V"",""deviceTimestamp"":1739181182,""serverTimestamp"":1739181181510}",Vswell,T63263,AES El Salvador,America/El_Salvador (UTC/GMT -6:00),3.0,,0.0,7.0,,,,,127.1,,,0.023,,,
13695.0,862754053334016.0,8.0,AlertVoltageSwell2,Voltage Swell: 120/240/277V,02/10/2025 09:53:12 AM,02/10/2025 03:53:12 AM,02/10/2025 03:53:12 AM,13.746678,-89.362623,1.0,T63263,Nivel de piso,0.0,835.0,,,"{""data"":[{""phase"":2,""alertDuration"":256,""deviceTimestamp"":1739181189,""receivedAtTimestamp"":1739181187920,""value"":127.1,""customerId"":""646703"",""serverTimestamp"":1739181187922}],""msgType"":288,""msgStr"":""AlertAggregatedVoltageSwell120/240/277V"",""deviceTimestamp"":1739181189,""serverTimestamp"":1739181187922}",Vswell,T63263,AES El Salvador,America/El_Salvador (UTC/GMT -6:00),3.0,,0.0,7.0,,,,,127.1,,,0.015,,,
13700.0,862754053334016.0,8.0,AlertVoltageSwell2,Voltage Swell: 120/240/277V,02/10/2025 10:08:11 AM,02/10/2025 04:08:11 AM,02/10/2025 04:08:11 AM,13.746678,-89.362623,1.0,T63263,Nivel de piso,0.0,835.0,,,"{""data"":[{""phase"":2,""alertDuration"":256,""deviceTimestamp"":1739182087,""receivedAtTimestamp"":1739182086713,""value"":126.9,""customerId"":""646703"",""serverTimestamp"":1739182086714}],""msgType"":288,""msgStr"":""AlertAggregatedVoltageSwell120/240/277V"",""deviceTimestamp"":1739182087,""serverTimestamp"":1739182086714}",Vswell,T63263,AES El Salvador,America/El_Salvador (UTC/GMT -6:00),3.0,,0.0,7.0,,,,,126.9,,,0.015,,,
13702.0,862754053334016.0,8.0,AlertVoltageSwell2,Voltage Swell: 120/240/277V,02/10/2025 10:08:18 AM,02/10/2025 04:08:18 AM,02/10/2025 04:08:18 AM,13.746678,-89.362623,1.0,T63263,Nivel de piso,0.0,835.0,,,"{""data"":[{""phase"":2,""alertDuration"":256,""deviceTimestamp"":1739182095,""receivedAtTimestamp"":1739182094316,""value"":127,""customerId"":""646703"",""serverTimestamp"":1739182094318}],""msgType"":288,""msgStr"":""AlertAggregatedVoltageSwell120/240/277V"",""deviceTimestamp"":1739182095,""serverTimestamp"":1739182094318}",Vswell,T63263,AES El Salvador,America/El_Salvador (UTC/GMT -6:00),3.0,,0.0,7.0,,,,,127.0,,,0.015,,,
13824.0,862754053334016.0,8.0,AlertVoltageSwell2,Voltage Swell: 120/240/277V,02/11/2025 01:48:49 PM,02/11/2025 07:48:49 AM,02/11/2025 07:48:49 AM,13.746678,-89.362623,1.0,T63263,Nivel de piso,0.0,835.0,,,"{""data"":[{""phase"":2,""alertDuration"":256,""deviceTimestamp"":1739281726,""receivedAtTimestamp"":1739281726139,""value"":127.2,""customerId"":""646703"",""serverTimestamp"":1739281726289},{""phase"":2,""alertDuration"":256,""deviceTimestamp"":1739281727,""receivedAtTimestamp"":1739281727127,""value"":127.2,""customerId"":""646703"",""serverTimestamp"":1739281727128},{""phase"":2,""alertDuration"":384,""deviceTimestamp"":1739281728,""receivedAtTimestamp"":1739281727720,""value"":127.1,""customerId"":""646703"",""serverTimestamp"":1739281727721}],""msgType"":288,""msgStr"":""AlertAggregatedVoltageSwell120/240/277V"",""deviceTimestamp"":1739281726,""serverTimestamp"":1739281726289}",Vswell,T63263,AES El Salvador,America/El_Salvador (UTC/GMT -6:00),3.0,,0.0,7.0,,,,,127.1,,,0.023,,,
13830.0,862754053334016.0,8.0,AlertVoltageSwell2,Voltage Swell: 120/240/277V,02/11/2025 01:48:54 PM,02/11/2025 07:48:54 AM,02/11/2025 07:48:54 AM,13.746678,-89.362623,1.0,T63263,Nivel de piso,0.0,835.0,,,"{""data"":[{""phase"":2,""alertDuration"":384,""deviceTimestamp"":1739281730,""receivedAtTimestamp"":1739281729937,""value"":127,""customerId"":""646703"",""serverTimestamp"":1739281729939},{""phase"":2,""alertDuration"":256,""deviceTimestamp"":1739281732,""receivedAtTimestamp"":1739281732049,""value"":127.1,""customerId"":""646703"",""serverTimestamp"":1739281732050}],""msgType"":288,""msgStr"":""AlertAggregatedVoltageSwell120/240/277V"",""deviceTimestamp"":1739281730,""serverTimestamp"":1739281729939}",Vswell,T63263,AES El Salvador,America/El_Salvador (UTC/GMT -6:00),3.0,,0.0,7.0,,,,,127.1,,,0.015,,,
13835.0,862754053334016.0,8.0,AlertVoltageSwell2,Voltage Swell: 120/240/277V,02/11/2025 01:48:57 PM,02/11/2025 07:48:57 AM,02/11/2025 07:48:57 AM,13.746678,-89.362623,1.0,T63263,Nivel de piso,0.0,835.0,,,"{""data"":[{""phase"":2,""alertDuration"":256,""deviceTimestamp"":1739281734,""receivedAtTimestamp"":1739281734460,""value"":127.2,""customerId"":""646703"",""serverTimestamp"":1739281734469},{""phase"":2,""alertDuration"":384,""deviceTimestamp"":1739281734,""receivedAtTimestamp"":1739281733848,""value"":127.2,""customerId"":""646703"",""serverTimestamp"":1739281733850},{""phase"":2,""alertDuration"":25088,""deviceTimestamp"":1739281735,""receivedAtTimestamp"":1739281735069,""value"":127.3,""customerId"":""646703"",""serverTimestamp"":1739281735324},{""phase"":2,""alertDuration"":384,""deviceTimestamp"":1739281736,""receivedAtTimestamp"":1739281736179,""value"":127.1,""customerId"":""646703"",""serverTimestamp"":1739281736181}],""msgType"":288,""msgStr"":""AlertAggregatedVoltageSwell120/240/277V"",""deviceTimestamp"":1739281734,""serverTimestamp"":1739281733850}",Vswell,T63263,AES El Salvador,America/El_Salvador (UTC/GMT -6:00),3.0,,0.0,7.0,,,,,127.1,,,0.023,,,
13841.0,862754053334016.0,8.0,AlertVoltageSwell2,Voltage Swell: 120/240/277V,02/11/2025 01:49:00 PM,02/11/2025 07:49:00 AM,02/11/2025 07:49:00 AM,13.746678,-89.362623,1.0,T63263,Nivel de piso,0.0,835.0,,,"{""data"":[{""phase"":2,""alertDuration"":256,""deviceTimestamp"":1739281737,""receivedAtTimestamp"":1739281737367,""value"":127.1,""customerId"":""646703"",""serverTimestamp"":1739281737544},{""phase"":2,""alertDuration"":256,""deviceTimestamp"":1739281738,""receivedAtTimestamp"":1739281737980,""value"":127.1,""customerId"":""646703"",""serverTimestamp"":1739281737982},{""phase"":2,""alertDuration"":256,""deviceTimestamp"":1739281739,""receivedAtTimestamp"":1739281739086,""value"":127,""customerId"":""646703"",""serverTimestamp"":1739281739088}],""msgType"":288,""msgStr"":""AlertAggregatedVoltageSwell120/240/277V"",""deviceTimestamp"":1739281737,""serverTimestamp"":1739281737544}",Vswell,T63263,AES El Salvador,America/El_Salvador (UTC/GMT -6:00),3.0,,0.0,7.0,,,,,127.0,,,0.015,,,
13845.0,862754053334016.0,8.0,AlertVoltageSwell2,Voltage Swell: 120/240/277V,02/11/2025 01:49:04 PM,02/11/2025 07:49:04 AM,02/11/2025 07:49:04 AM,13.746678,-89.362623,1.0,T63263,Nivel de piso,0.0,835.0,,,"{""data"":[{""phase"":2,""alertDuration"":256,""deviceTimestamp"":1739281741,""receivedAtTimestamp"":1739281741200,""value"":127.1,""customerId"":""646703"",""serverTimestamp"":1739281741344},{""phase"":2,""alertDuration"":256,""deviceTimestamp"":1739281743,""receivedAtTimestamp"":1739281742799,""value"":127.1,""customerId"":""646703"",""serverTimestamp"":1739281742801}],""msgType"":288,""msgStr"":""AlertAggregatedVoltageSwell120/240/277V"",""deviceTimestamp"":1739281741,""serverTimestamp"":1739281741344}",Vswell,T63263,AES El Salvador,America/El_Salvador (UTC/GMT -6:00),3.0,,0.0,7.0,,,,,127.1,,,0.015,,,
13849.0,862754053334016.0,8.0,AlertVoltageSwell2,Voltage Swell: 120/240/277V,02/11/2025 01:49:30 PM,02/11/2025 07:49:30 AM,02/11/2025 07:49:30 AM,13.746678,-89.362623,1.0,T63263,Nivel de piso,0.0,835.0,,,"{""data"":[{""phase"":2,""alertDuration"":256,""deviceTimestamp"":1739281766,""receivedAtTimestamp"":1739281766197,""value"":127,""customerId"":""646703"",""serverTimestamp"":1739281766199}],""msgType"":288,""msgStr"":""AlertAggregatedVoltageSwell120/240/277V"",""deviceTimestamp"":1739281766,""serverTimestamp"":1739281766199}",Vswell,T63263,AES El Salvador,America/El_Salvador (UTC/GMT -6:00),3.0,,0.0,7.0,,,,,127.0,,,0.015,,,
13852.0,862754053334016.0,8.0,AlertVoltageSwell2,Voltage Swell: 120/240/277V,02/11/2025 01:49:33 PM,02/11/2025 07:49:33 AM,02/11/2025 07:49:33 AM,13.746678,-89.362623,1.0,T63263,Nivel de piso,0.0,835.0,,,"{""data"":[{""phase"":2,""alertDuration"":256,""deviceTimestamp"":1739281770,""receivedAtTimestamp"":1739281769798,""value"":127,""customerId"":""646703"",""serverTimestamp"":1739281769802},{""phase"":2,""alertDuration"":256,""deviceTimestamp"":1739281770,""receivedAtTimestamp"":1739281770399,""value"":127,""customerId"":""646703"",""serverTimestamp"":1739281770536},{""phase"":2,""alertDuration"":256,""deviceTimestamp"":1739281771,""receivedAtTimestamp"":1739281770998,""value"":127,""customerId"":""646703"",""serverTimestamp"":1739281771000}],""msgType"":288,""msgStr"":""AlertAggregatedVoltageSwell120/240/277V"",""deviceTimestamp"":1739281770,""serverTimestamp"":1739281769802}",Vswell,T63263,AES El Salvador,America/El_Salvador (UTC/GMT -6:00),3.0,,0.0,7.0,,,,,127.0,,,0.015,,,
13857.0,862754053334016.0,8.0,AlertVoltageSwell2,Voltage Swell: 120/240/277V,02/11/2025 01:49:51 PM,02/11/2025 07:49:51 AM,02/11/2025 07:49:51 AM,13.746678,-89.362623,1.0,T63263,Nivel de piso,0.0,835.0,,,"{""data"":[{""phase"":2,""alertDuration"":256,""deviceTimestamp"":1739281787,""receivedAtTimestamp"":1739281787315,""value"":127,""customerId"":""646703"",""serverTimestamp"":1739281787317},{""phase"":2,""alertDuration"":256,""deviceTimestamp"":1739281789,""receivedAtTimestamp"":1739281788818,""value"":127.1,""customerId"":""646703"",""serverTimestamp"":1739281788819}],""msgType"":288,""msgStr"":""AlertAggregatedVoltageSwell120/240/277V"",""deviceTimestamp"":1739281787,""serverTimestamp"":1739281787317}",Vswell,T63263,AES El Salvador,America/El_Salvador (UTC/GMT -6:00),3.0,,0.0,7.0,,,,,127.1,,,0.015,,,
13868.0,862754053334016.0,8.0,AlertVoltageSwell2,Voltage Swell: 120/240/277V,02/11/2025 01:49:55 PM,02/11/2025 07:49:55 AM,02/11/2025 07:49:55 AM,13.746678,-89.362623,1.0,T63263,Nivel de piso,0.0,835.0,,,"{""data"":[{""phase"":2,""alertDuration"":256,""deviceTimestamp"":1739281792,""receivedAtTimestamp"":1739281791917,""value"":127,""customerId"":""646703"",""serverTimestamp"":1739281791919},{""phase"":2,""alertDuration"":256,""deviceTimestamp"":1739281793,""receivedAtTimestamp"":1739281793628,""value"":127.1,""customerId"":""646703"",""serverTimestamp"":1739281793629},{""phase"":2,""alertDuration"":384,""deviceTimestamp"":1739281793,""receivedAtTimestamp"":1739281793027,""value"":127,""customerId"":""646703"",""serverTimestamp"":1739281793029},{""phase"":2,""alertDuration"":256,""deviceTimestamp"":1739281794,""receivedAtTimestamp"":1739281794265,""value"":127.1,""customerId"":""646703"",""serverTimestamp"":1739281794267}],""msgType"":288,""msgStr"":""AlertAggregatedVoltageSwell120/240/277V"",""deviceTimestamp"":1739281792,""serverTimestamp"":1739281791919}",Vswell,T63263,AES El Salvador,America/El_Salvador (UTC/GMT -6:00),3.0,,0.0,7.0,,,,,127.1,,,0.015,,,
13874.0,862754053334016.0,8.0,AlertVoltageSwell2,Voltage Swell: 120/240/277V,02/11/2025 01:49:58 PM,02/11/2025 07:49:58 AM,02/11/2025 07:49:58 AM,13.746678,-89.362623,1.0,T63263,Nivel de piso,0.0,835.0,,,"{""data"":[{""phase"":2,""alertDuration"":384,""deviceTimestamp"":1739281795,""receivedAtTimestamp"":1739281794865,""value"":127.2,""customerId"":""646703"",""serverTimestamp"":1739281794866},{""phase"":2,""alertDuration"":6449920,""deviceTimestamp"":1739281795,""receivedAtTimestamp"":1739281795466,""value"":127.3,""customerId"":""646703"",""serverTimestamp"":1739281795486},{""phase"":2,""alertDuration"":256,""deviceTimestamp"":1739281797,""receivedAtTimestamp"":1739281797546,""value"":127.1,""customerId"":""646703"",""serverTimestamp"":1739281797637}],""msgType"":288,""msgStr"":""AlertAggregatedVoltageSwell120/240/277V"",""deviceTimestamp"":1739281795,""serverTimestamp"":1739281794866}",Vswell,T63263,AES El Salvador,America/El_Salvador (UTC/GMT -6:00),3.0,,0.0,7.0,,,,,127.1,,,0.015,,,
13878.0,862754053334016.0,8.0,AlertVoltageSwell2,Voltage Swell: 120/240/277V,02/11/2025 01:50:03 PM,02/11/2025 07:50:03 AM,02/11/2025 07:50:03 AM,13.746678,-89.362623,1.0,T63263,Nivel de piso,0.0,835.0,,,"{""data"":[{""phase"":2,""alertDuration"":256,""deviceTimestamp"":1739281799,""receivedAtTimestamp"":1739281799166,""value"":127.1,""customerId"":""646703"",""serverTimestamp"":1739281799168},{""phase"":2,""alertDuration"":256,""deviceTimestamp"":1739281801,""receivedAtTimestamp"":1739281800873,""value"":127,""customerId"":""646703"",""serverTimestamp"":1739281800932}],""msgType"":288,""msgStr"":""AlertAggregatedVoltageSwell120/240/277V"",""deviceTimestamp"":1739281799,""serverTimestamp"":1739281799168}",Vswell,T63263,AES El Salvador,America/El_Salvador (UTC/GMT -6:00),3.0,,0.0,7.0,,,,,127.0,,,0.015,,,
13882.0,862754053334016.0,8.0,AlertVoltageSwell2,Voltage Swell: 120/240/277V,02/11/2025 01:50:09 PM,02/11/2025 07:50:09 AM,02/11/2025 07:50:09 AM,13.746678,-89.362623,1.0,T63263,Nivel de piso,0.0,835.0,,,"{""data"":[{""phase"":1,""alertDuration"":256,""deviceTimestamp"":1739281805,""receivedAtTimestamp"":1739281805776,""value"":127.2,""customerId"":""646703"",""serverTimestamp"":1739281805779},{""phase"":2,""alertDuration"":256,""deviceTimestamp"":1739281805,""receivedAtTimestamp"":1739281805176,""value"":127,""customerId"":""646703"",""serverTimestamp"":1739281805178},{""phase"":2,""alertDuration"":25344,""deviceTimestamp"":1739281806,""receivedAtTimestamp"":1739281806377,""value"":127.2,""customerId"":""646703"",""serverTimestamp"":1739281806434}],""msgType"":288,""msgStr"":""AlertAggregatedVoltageSwell120/240/277V"",""deviceTimestamp"":1739281805,""serverTimestamp"":1739281805178}",Vswell,T63263,AES El Salvador,America/El_Salvador (UTC/GMT -6:00),3.0,,0.0,7.0,,,127.2,,127.2,0.015,,1.521,,,
13926.0,862754053334016.0,8.0,AlertVoltageSwell2,Voltage Swell: 120/240/277V,02/11/2025 01:55:03 PM,02/11/2025 07:55:03 AM,02/11/2025 07:55:03 AM,13.746678,-89.362623,1.0,T63263,Nivel de piso,0.0,835.0,,,"{""data"":[{""phase"":2,""alertDuration"":2877568,""deviceTimestamp"":1739282099,""receivedAtTimestamp"":1739282099253,""value"":126.9,""customerId"":""646703"",""serverTimestamp"":1739282099530},{""phase"":2,""alertDuration"":256,""deviceTimestamp"":1739282100,""receivedAtTimestamp"":1739282099734,""value"":127.1,""customerId"":""646703"",""serverTimestamp"":1739282099904},{""phase"":2,""alertDuration"":256,""deviceTimestamp"":1739282101,""receivedAtTimestamp"":1739282101335,""value"":127.1,""customerId"":""646703"",""serverTimestamp"":1739282101610}],""msgType"":288,""msgStr"":""AlertAggregatedVoltageSwell120/240/277V"",""deviceTimestamp"":1739282099,""serverTimestamp"":1739282099530}",Vswell,T63263,AES El Salvador,America/El_Salvador (UTC/GMT -6:00),3.0,,0.0,7.0,,,,,127.1,,,0.015,,,
13930.0,862754053334016.0,8.0,AlertVoltageSwell2,Voltage Swell: 120/240/277V,02/11/2025 01:55:06 PM,02/11/2025 07:55:06 AM,02/11/2025 07:55:06 AM,13.746678,-89.362623,1.0,T63263,Nivel de piso,0.0,835.0,,,"{""data"":[{""phase"":2,""alertDuration"":256,""deviceTimestamp"":1739282103,""receivedAtTimestamp"":1739282103044,""value"":127.1,""customerId"":""646703"",""serverTimestamp"":1739282103131}],""msgType"":288,""msgStr"":""AlertAggregatedVoltageSwell120/240/277V"",""deviceTimestamp"":1739282103,""serverTimestamp"":1739282103131}",Vswell,T63263,AES El Salvador,America/El_Salvador (UTC/GMT -6:00),3.0,,0.0,7.0,,,,,127.1,,,0.015,,,
13936.0,862754053334016.0,8.0,AlertVoltageSwell2,Voltage Swell: 120/240/277V,02/11/2025 01:55:09 PM,02/11/2025 07:55:09 AM,02/11/2025 07:55:09 AM,13.746678,-89.362623,1.0,T63263,Nivel de piso,0.0,835.0,,,"{""data"":[{""phase"":2,""alertDuration"":66816,""deviceTimestamp"":1739282106,""receivedAtTimestamp"":1739282106655,""value"":127.2,""customerId"":""646703"",""serverTimestamp"":1739282106664},{""phase"":2,""alertDuration"":25472,""deviceTimestamp"":1739282107,""receivedAtTimestamp"":1739282107285,""value"":127.2,""customerId"":""646703"",""serverTimestamp"":1739282107560},{""phase"":2,""alertDuration"":256,""deviceTimestamp"":1739282108,""receivedAtTimestamp"":1739282107893,""value"":127.2,""customerId"":""646703"",""serverTimestamp"":1739282107895}],""msgType"":288,""msgStr"":""AlertAggregatedVoltageSwell120/240/277V"",""deviceTimestamp"":1739282106,""serverTimestamp"":1739282106664}",Vswell,T63263,AES El Salvador,America/El_Salvador (UTC/GMT -6:00),3.0,,0.0,7.0,,,,,127.2,,,0.015,,,
13943.0,862754053334016.0,8.0,AlertVoltageSwell2,Voltage Swell: 120/240/277V,02/11/2025 01:55:19 PM,02/11/2025 07:55:19 AM,02/11/2025 07:55:19 AM,13.746678,-89.362623,1.0,T63263,Nivel de piso,0.0,835.0,,,"{""data"":[{""phase"":2,""alertDuration"":256,""deviceTimestamp"":1739282116,""receivedAtTimestamp"":1739282115585,""value"":127.2,""customerId"":""646703"",""serverTimestamp"":1739282115587},{""phase"":2,""alertDuration"":384,""deviceTimestamp"":1739282117,""receivedAtTimestamp"":1739282117286,""value"":127.1,""customerId"":""646703"",""serverTimestamp"":1739282117288},{""phase"":2,""alertDuration"":256,""deviceTimestamp"":1739282118,""receivedAtTimestamp"":1739282118395,""value"":127.1,""customerId"":""646703"",""serverTimestamp"":1739282118396}],""msgType"":288,""msgStr"":""AlertAggregatedVoltageSwell120/240/277V"",""deviceTimestamp"":1739282116,""serverTimestamp"":1739282115587}",Vswell,T63263,AES El Salvador,America/El_Salvador (UTC/GMT -6:00),3.0,,0.0,7.0,,,,,127.1,,,0.015,,,
13951.0,862754053334016.0,8.0,AlertVoltageSwell2,Voltage Swell: 120/240/277V,02/11/2025 01:55:24 PM,02/11/2025 07:55:24 AM,02/11/2025 07:55:24 AM,13.746678,-89.362623,1.0,T63263,Nivel de piso,0.0,835.0,,,"{""data"":[{""phase"":2,""alertDuration"":256,""deviceTimestamp"":1739282120,""receivedAtTimestamp"":1739282120495,""value"":127.1,""customerId"":""646703"",""serverTimestamp"":1739282120497},{""phase"":2,""alertDuration"":384,""deviceTimestamp"":1739282121,""receivedAtTimestamp"":1739282121094,""value"":127.1,""customerId"":""646703"",""serverTimestamp"":1739282121241},{""phase"":2,""alertDuration"":256,""deviceTimestamp"":1739282122,""receivedAtTimestamp"":1739282122194,""value"":127.1,""customerId"":""646703"",""serverTimestamp"":1739282122196}],""msgType"":288,""msgStr"":""AlertAggregatedVoltageSwell120/240/277V"",""deviceTimestamp"":1739282120,""serverTimestamp"":1739282120497}",Vswell,T63263,AES El Salvador,America/El_Salvador (UTC/GMT -6:00),3.0,,0.0,7.0,,,,,127.1,,,0.015,,,
13961.0,862754053334016.0,8.0,AlertVoltageSwell2,Voltage Swell: 120/240/277V,02/11/2025 01:55:30 PM,02/11/2025 07:55:30 AM,02/11/2025 07:55:30 AM,13.746678,-89.362623,1.0,T63263,Nivel de piso,0.0,835.0,,,"{""data"":[{""phase"":2,""alertDuration"":256,""deviceTimestamp"":1739282126,""receivedAtTimestamp"":1739282126414,""value"":127.1,""customerId"":""646703"",""serverTimestamp"":1739282126656}],""msgType"":288,""msgStr"":""AlertAggregatedVoltageSwell120/240/277V"",""deviceTimestamp"":1739282126,""serverTimestamp"":1739282126656}",Vswell,T63263,AES El Salvador,America/El_Salvador (UTC/GMT -6:00),3.0,,0.0,7.0,,,,,127.1,,,0.015,,,
13984.0,862754053334016.0,8.0,AlertVoltageSwell2,Voltage Swell: 120/240/277V,02/11/2025 01:56:48 PM,02/11/2025 07:56:48 AM,02/11/2025 07:56:48 AM,13.746678,-89.362623,1.0,T63263,Nivel de piso,0.0,835.0,,,"{""data"":[{""phase"":2,""alertDuration"":256,""deviceTimestamp"":41450,""receivedAtTimestamp"":1739282206555,""value"":127,""customerId"":""646703"",""serverTimestamp"":1739282206650}],""msgType"":288,""msgStr"":""AlertAggregatedVoltageSwell120/240/277V"",""deviceTimestamp"":41450,""serverTimestamp"":1739282206650}",Vswell,T63263,AES El Salvador,America/El_Salvador (UTC/GMT -6:00),3.0,,0.0,7.0,,,,,127.0,,,0.015,,,
13986.0,862754053334016.0,8.0,AlertVoltageSwell2,Voltage Swell: 120/240/277V,02/11/2025 01:56:49 PM,02/11/2025 07:56:49 AM,02/11/2025 07:56:49 AM,13.746678,-89.362623,1.0,T63263,Nivel de piso,0.0,835.0,,,"{""data"":[{""phase"":2,""alertDuration"":256,""deviceTimestamp"":34798,""receivedAtTimestamp"":1739282208265,""value"":127,""customerId"":""646703"",""serverTimestamp"":1739282208267}],""msgType"":288,""msgStr"":""AlertAggregatedVoltageSwell120/240/277V"",""deviceTimestamp"":34798,""serverTimestamp"":1739282208267}",Vswell,T63263,AES El Salvador,America/El_Salvador (UTC/GMT -6:00),3.0,,0.0,7.0,,,,,127.0,,,0.015,,,
13989.0,862754053334016.0,8.0,AlertVoltageSwell2,Voltage Swell: 120/240/277V,02/11/2025 01:56:51 PM,02/11/2025 07:56:51 AM,02/11/2025 07:56:51 AM,13.746678,-89.362623,1.0,T63263,Nivel de piso,0.0,835.0,,,"{""data"":[{""phase"":2,""alertDuration"":256,""deviceTimestamp"":33547,""receivedAtTimestamp"":1739282210356,""value"":127,""customerId"":""646703"",""serverTimestamp"":1739282210456}],""msgType"":288,""msgStr"":""AlertAggregatedVoltageSwell120/240/277V"",""deviceTimestamp"":33547,""serverTimestamp"":1739282210456}",Vswell,T63263,AES El Salvador,America/El_Salvador (UTC/GMT -6:00),3.0,,0.0,7.0,,,,,127.0,,,0.015,,,
13991.0,862754053334016.0,8.0,AlertVoltageSwell2,Voltage Swell: 120/240/277V,02/11/2025 01:56:52 PM,02/11/2025 07:56:52 AM,02/11/2025 07:56:52 AM,13.746678,-89.362623,1.0,T63263,Nivel de piso,0.0,835.0,,,"{""data"":[{""phase"":2,""alertDuration"":25344,""deviceTimestamp"":32895,""receivedAtTimestamp"":1739282211574,""value"":127.1,""customerId"":""646703"",""serverTimestamp"":1739282211576}],""msgType"":288,""msgStr"":""AlertAggregatedVoltageSwell120/240/277V"",""deviceTimestamp"":32895,""serverTimestamp"":1739282211576}",Vswell,T63263,AES El Salvador,America/El_Salvador (UTC/GMT -6:00),3.0,,0.0,7.0,,,,,127.1,,,1.521,,,
13994.0,862754053334016.0,8.0,AlertVoltageSwell2,Voltage Swell: 120/240/277V,02/11/2025 01:56:54 PM,02/11/2025 07:56:54 AM,02/11/2025 07:56:54 AM,13.746678,-89.362623,1.0,T63263,Nivel de piso,0.0,835.0,,,"{""data"":[{""phase"":2,""alertDuration"":256,""deviceTimestamp"":31790,""receivedAtTimestamp"":1739282212165,""value"":127.1,""customerId"":""646703"",""serverTimestamp"":1739282212167}],""msgType"":288,""msgStr"":""AlertAggregatedVoltageSwell120/240/277V"",""deviceTimestamp"":31790,""serverTimestamp"":1739282212167}",Vswell,T63263,AES El Salvador,America/El_Salvador (UTC/GMT -6:00),3.0,,0.0,7.0,,,,,127.1,,,0.015,,,
13998.0,862754053334016.0,8.0,AlertVoltageSwell2,Voltage Swell: 120/240/277V,02/11/2025 01:57:00 PM,02/11/2025 07:57:00 AM,02/11/2025 07:57:00 AM,13.746678,-89.362623,1.0,T63263,Nivel de piso,0.0,835.0,,,"{""data"":[{""phase"":2,""alertDuration"":256,""deviceTimestamp"":1739282216,""receivedAtTimestamp"":1739282215876,""value"":127,""customerId"":""646703"",""serverTimestamp"":1739282216102},{""phase"":2,""alertDuration"":256,""deviceTimestamp"":1739282217,""receivedAtTimestamp"":1739282217485,""value"":127,""customerId"":""646703"",""serverTimestamp"":1739282218013}],""msgType"":288,""msgStr"":""AlertAggregatedVoltageSwell120/240/277V"",""deviceTimestamp"":1739282216,""serverTimestamp"":1739282216102}",Vswell,T63263,AES El Salvador,America/El_Salvador (UTC/GMT -6:00),3.0,,0.0,7.0,,,,,127.0,,,0.015,,,
14001.0,862754053334016.0,8.0,AlertVoltageSwell2,Voltage Swell: 120/240/277V,02/11/2025 01:57:03 PM,02/11/2025 07:57:03 AM,02/11/2025 07:57:03 AM,13.746678,-89.362623,1.0,T63263,Nivel de piso,0.0,835.0,,,"{""data"":[{""phase"":2,""alertDuration"":256,""deviceTimestamp"":1739282219,""receivedAtTimestamp"":1739282220185,""value"":127.1,""customerId"":""646703"",""serverTimestamp"":1739282220188},{""phase"":2,""alertDuration"":58624,""deviceTimestamp"":1739282219,""receivedAtTimestamp"":1739282219074,""value"":127.1,""customerId"":""646703"",""serverTimestamp"":1739282219076}],""msgType"":288,""msgStr"":""AlertAggregatedVoltageSwell120/240/277V"",""deviceTimestamp"":1739282219,""serverTimestamp"":1739282219076}",Vswell,T63263,AES El Salvador,America/El_Salvador (UTC/GMT -6:00),3.0,,0.0,7.0,,,,,127.1,,,3.517,,,
14005.0,862754053334016.0,8.0,AlertVoltageSwell2,Voltage Swell: 120/240/277V,02/11/2025 01:57:22 PM,02/11/2025 07:57:22 AM,02/11/2025 07:57:22 AM,13.746678,-89.362623,1.0,T63263,Nivel de piso,0.0,835.0,,,"{""data"":[{""phase"":2,""alertDuration"":256,""deviceTimestamp"":1739282239,""receivedAtTimestamp"":1739282239630,""value"":127.1,""customerId"":""646703"",""serverTimestamp"":1739282239631},{""phase"":2,""alertDuration"":384,""deviceTimestamp"":1739282240,""receivedAtTimestamp"":1739282240122,""value"":127.2,""customerId"":""646703"",""serverTimestamp"":1739282240123}],""msgType"":288,""msgStr"":""AlertAggregatedVoltageSwell120/240/277V"",""deviceTimestamp"":1739282239,""serverTimestamp"":1739282239631}",Vswell,T63263,AES El Salvador,America/El_Salvador (UTC/GMT -6:00),3.0,,0.0,7.0,,,,,127.2,,,0.023,,,
14009.0,862754053334016.0,8.0,AlertVoltageSwell2,Voltage Swell: 120/240/277V,02/11/2025 01:57:25 PM,02/11/2025 07:57:25 AM,02/11/2025 07:57:25 AM,13.746678,-89.362623,1.0,T63263,Nivel de piso,0.0,835.0,,,"{""data"":[{""phase"":2,""alertDuration"":256,""deviceTimestamp"":1739282242,""receivedAtTimestamp"":1739282242730,""value"":127.2,""customerId"":""646703"",""serverTimestamp"":1739282242732},{""phase"":2,""alertDuration"":256,""deviceTimestamp"":1739282244,""receivedAtTimestamp"":1739282244450,""value"":127.2,""customerId"":""646703"",""serverTimestamp"":1739282244451},{""phase"":2,""alertDuration"":50304,""deviceTimestamp"":1739282244,""receivedAtTimestamp"":1739282243832,""value"":127.3,""customerId"":""646703"",""serverTimestamp"":1739282243834}],""msgType"":288,""msgStr"":""AlertAggregatedVoltageSwell120/240/277V"",""deviceTimestamp"":1739282242,""serverTimestamp"":1739282242732}",Vswell,T63263,AES El Salvador,America/El_Salvador (UTC/GMT -6:00),3.0,,0.0,7.0,,,,,127.3,,,3.018,,,
14013.0,862754053334016.0,8.0,AlertVoltageSwell2,Voltage Swell: 120/240/277V,02/11/2025 01:57:28 PM,02/11/2025 07:57:28 AM,02/11/2025 07:57:28 AM,13.746678,-89.362623,1.0,T63263,Nivel de piso,0.0,835.0,,,"{""data"":[{""phase"":2,""alertDuration"":25216,""deviceTimestamp"":1739282245,""receivedAtTimestamp"":1739282245081,""value"":127.2,""customerId"":""646703"",""serverTimestamp"":1739282245082},{""phase"":2,""alertDuration"":256,""deviceTimestamp"":1739282245,""receivedAtTimestamp"":1739282245681,""value"":127.1,""customerId"":""646703"",""serverTimestamp"":1739282245683},{""phase"":2,""alertDuration"":384,""deviceTimestamp"":1739282246,""receivedAtTimestamp"":1739282246290,""value"":127.2,""customerId"":""646703"",""serverTimestamp"":1739282246408}],""msgType"":288,""msgStr"":""AlertAggregatedVoltageSwell120/240/277V"",""deviceTimestamp"":1739282245,""serverTimestamp"":1739282245082}",Vswell,T63263,AES El Salvador,America/El_Salvador (UTC/GMT -6:00),3.0,,0.0,7.0,,,,,127.2,,,0.023,,,
14084.0,862754053334016.0,8.0,AlertVoltageSwell2,Voltage Swell: 120/240/277V,02/12/2025 12:50:45 PM,02/12/2025 06:50:45 AM,02/12/2025 06:50:45 AM,13.746678,-89.362623,1.0,T63263,Nivel de piso,0.0,835.0,,,"{""data"":[{""phase"":1,""alertDuration"":384,""deviceTimestamp"":1739364641,""receivedAtTimestamp"":1739364640518,""value"":131.2,""customerId"":""646703"",""serverTimestamp"":1739364640519},{""phase"":2,""alertDuration"":768,""deviceTimestamp"":1739364641,""receivedAtTimestamp"":1739364641118,""value"":131.3,""customerId"":""646703"",""serverTimestamp"":1739364641119}],""msgType"":288,""msgStr"":""AlertAggregatedVoltageSwell120/240/277V"",""deviceTimestamp"":1739364641,""serverTimestamp"":1739364640519}",Vswell,T63263,AES El Salvador,America/El_Salvador (UTC/GMT -6:00),3.0,,0.0,7.0,,,131.2,,131.3,0.023,,0.046,,,
14144.0,862754053334016.0,8.0,AlertVoltageSwell2,Voltage Swell: 120/240/277V,02/13/2025 12:52:43 PM,02/13/2025 06:52:43 AM,02/13/2025 06:52:43 AM,13.746678,-89.362623,1.0,T63263,Nivel de piso,0.0,835.0,,,"{""data"":[{""phase"":1,""alertDuration"":640,""deviceTimestamp"":1739451159,""receivedAtTimestamp"":1739451158665,""value"":132.9,""customerId"":""646703"",""serverTimestamp"":1739451158667},{""phase"":2,""alertDuration"":768,""deviceTimestamp"":1739451159,""receivedAtTimestamp"":1739451159169,""value"":133.1,""customerId"":""646703"",""serverTimestamp"":1739451159171}],""msgType"":288,""msgStr"":""AlertAggregatedVoltageSwell120/240/277V"",""deviceTimestamp"":1739451159,""serverTimestamp"":1739451158667}",Vswell,T63263,AES El Salvador,America/El_Salvador (UTC/GMT -6:00),3.0,,0.0,7.0,,,132.9,,133.1,0.038,,0.046,,,
18287.0,862754053334016.0,8.0,AlertVoltageSwell2,Voltage Swell: 120/240/277V,03/20/2025 11:53:38 PM,03/20/2025 05:53:38 PM,03/20/2025 05:53:38 PM,13.746678,-89.362623,1.0,T63263,Nivel de piso,0.0,835.0,,,"{""data"":[{""phase"":2,""alertDuration"":33664,""deviceTimestamp"":1742514817,""receivedAtTimestamp"":1742514816989,""value"":124.7,""customerId"":""646703"",""serverTimestamp"":1742514817450}],""msgType"":288,""msgStr"":""AlertAggregatedVoltageSwell120/240/277V"",""deviceTimestamp"":1742514815,""serverTimestamp"":1742514814807}",Vswell,T63263,AES El Salvador,America/El_Salvador (UTC/GMT -6:00),3.0,,0.0,7.0,,,,,124.7,,,2.02,,,
18294.0,862754053334016.0,8.0,AlertVoltageSwell2,Voltage Swell: 120/240/277V,03/20/2025 11:53:41 PM,03/20/2025 05:53:41 PM,03/20/2025 05:53:41 PM,13.746678,-89.362623,1.0,T63263,Nivel de piso,0.0,835.0,,,"{""data"":[{""phase"":2,""alertDuration"":33536,""deviceTimestamp"":1742514818,""receivedAtTimestamp"":1742514818190,""value"":124.7,""customerId"":""646703"",""serverTimestamp"":1742514818312}],""msgType"":288,""msgStr"":""AlertAggregatedVoltageSwell120/240/277V"",""deviceTimestamp"":1742514818,""serverTimestamp"":1742514817963}",Vswell,T63263,AES El Salvador,America/El_Salvador (UTC/GMT -6:00),3.0,,0.0,7.0,,,,,124.7,,,2.012,,,
18485.0,862754053334016.0,8.0,AlertVoltageSwell2,Voltage Swell: 120/240/277V,03/21/2025 01:00:42 AM,03/20/2025 07:00:42 PM,03/20/2025 07:00:42 PM,13.746678,-89.362623,1.0,T63263,Nivel de piso,0.0,835.0,,,"{""data"":[{""phase"":2,""alertDuration"":6466944,""deviceTimestamp"":40344,""receivedAtTimestamp"":1742518841139,""value"":124,""customerId"":""646703"",""serverTimestamp"":1742518841551}],""msgType"":288,""msgStr"":""AlertAggregatedVoltageSwell120/240/277V"",""deviceTimestamp"":40344,""serverTimestamp"":1742518841551}",Vswell,T63263,AES El Salvador,America/El_Salvador (UTC/GMT -6:00),3.0,,0.0,7.0,,,,,124.0,,,388.009,,,
18491.0,862754053334016.0,8.0,AlertVoltageSwell2,Voltage Swell: 120/240/277V,03/21/2025 01:00:45 AM,03/20/2025 07:00:45 PM,03/20/2025 07:00:45 PM,13.746678,-89.362623,1.0,T63263,Nivel de piso,0.0,835.0,,,"{""data"":[{""phase"":2,""alertDuration"":2749568,""deviceTimestamp"":31572,""receivedAtTimestamp"":1742518844599,""value"":124.3,""customerId"":""646703"",""serverTimestamp"":1742518844716}],""msgType"":288,""msgStr"":""AlertAggregatedVoltageSwell120/240/277V"",""deviceTimestamp"":31572,""serverTimestamp"":1742518844716}",Vswell,T63263,AES El Salvador,America/El_Salvador (UTC/GMT -6:00),3.0,,0.0,7.0,,,,,124.3,,,164.971,,,
18584.0,862754053334016.0,8.0,AlertVoltageSwell2,Voltage Swell: 120/240/277V,03/21/2025 01:02:21 AM,03/20/2025 07:02:21 PM,03/20/2025 07:02:21 PM,13.746678,-89.362623,1.0,T63263,Nivel de piso,0.0,835.0,,,"{""data"":[{""phase"":2,""alertDuration"":3078912,""deviceTimestamp"":52664,""receivedAtTimestamp"":1742518940421,""value"":124.3,""customerId"":""646703"",""serverTimestamp"":1742518940598}],""msgType"":288,""msgStr"":""AlertAggregatedVoltageSwell120/240/277V"",""deviceTimestamp"":52664,""serverTimestamp"":1742518940598}",Vswell,T63263,AES El Salvador,America/El_Salvador (UTC/GMT -6:00),3.0,,0.0,7.0,,,,,124.3,,,184.731,,,
18697.0,862754053334016.0,8.0,AlertVoltageSwell2,Voltage Swell: 120/240/277V,03/21/2025 01:03:39 AM,03/20/2025 07:03:39 PM,03/20/2025 07:03:39 PM,13.746678,-89.362623,1.0,T63263,Nivel de piso,0.0,835.0,,,"{""data"":[{""phase"":1,""alertDuration"":50304,""deviceTimestamp"":27490,""receivedAtTimestamp"":1742519018625,""value"":124.3,""customerId"":""646703"",""serverTimestamp"":1742519018656}],""msgType"":288,""msgStr"":""AlertAggregatedVoltageSwell120/240/277V"",""deviceTimestamp"":27490,""serverTimestamp"":1742519018656}",Vswell,T63263,AES El Salvador,America/El_Salvador (UTC/GMT -6:00),3.0,,0.0,7.0,,,124.3,,,3.018,,,,,
18701.0,862754053334016.0,8.0,AlertVoltageSwell2,Voltage Swell: 120/240/277V,03/21/2025 01:03:41 AM,03/20/2025 07:03:41 PM,03/20/2025 07:03:41 PM,13.746678,-89.362623,1.0,T63263,Nivel de piso,0.0,835.0,,,"{""data"":[{""phase"":1,""alertDuration"":16896,""deviceTimestamp"":27239,""receivedAtTimestamp"":1742519019717,""value"":124.2,""customerId"":""646703"",""serverTimestamp"":1742519019768}],""msgType"":288,""msgStr"":""AlertAggregatedVoltageSwell120/240/277V"",""deviceTimestamp"":27239,""serverTimestamp"":1742519019768}",Vswell,T63263,AES El Salvador,America/El_Salvador (UTC/GMT -6:00),3.0,,0.0,7.0,,,124.2,,,1.014,,,,,
18354.0,862754053334016.0,8.0,AlertVoltageSwell2,Voltage Swell: 120/240/277V,03/21/2025 12:47:32 AM,03/20/2025 06:47:32 PM,03/20/2025 06:47:32 PM,13.746678,-89.362623,1.0,T63263,Nivel de piso,0.0,835.0,,,"{""data"":[{""phase"":2,""alertDuration"":6483456,""deviceTimestamp"":1742518048,""receivedAtTimestamp"":1742518048237,""value"":124,""customerId"":""646703"",""serverTimestamp"":1742518048239}],""msgType"":288,""msgStr"":""AlertAggregatedVoltageSwell120/240/277V"",""deviceTimestamp"":1742518048,""serverTimestamp"":1742518047219}",Vswell,T63263,AES El Salvador,America/El_Salvador (UTC/GMT -6:00),3.0,,0.0,7.0,,,,,124.0,,,389.0,,,
18358.0,862754053334016.0,8.0,AlertVoltageSwell2,Voltage Swell: 120/240/277V,03/21/2025 12:49:41 AM,03/20/2025 06:49:41 PM,03/20/2025 06:49:41 PM,13.746678,-89.362623,1.0,T63263,Nivel de piso,0.0,835.0,,,"{""data"":[{""phase"":2,""alertDuration"":8576,""deviceTimestamp"":1742518178,""receivedAtTimestamp"":1742518178127,""value"":124,""customerId"":""646703"",""serverTimestamp"":1742518178448}],""msgType"":288,""msgStr"":""AlertAggregatedVoltageSwell120/240/277V"",""deviceTimestamp"":1742518178,""serverTimestamp"":1742518178448}",Vswell,T63263,AES El Salvador,America/El_Salvador (UTC/GMT -6:00),3.0,,0.0,7.0,,,,,124.0,,,0.515,,,
21671.0,862754053334016.0,8.0,AlertVoltageSwell2,Voltage Swell: 120/240/277V,04/02/2025 03:20:24 PM,04/02/2025 09:20:24 AM,04/02/2025 09:20:24 AM,13.746678,-89.362623,1.0,T63263,Nivel de piso,0.0,835.0,,,"{""data"":[{""phase"":1,""alertDuration"":50688,""deviceTimestamp"":1743607221,""receivedAtTimestamp"":1743607221120,""value"":131.1,""customerId"":""646703"",""serverTimestamp"":1743607221665},{""phase"":2,""alertDuration"":58752,""deviceTimestamp"":1743607221,""receivedAtTimestamp"":1743607221599,""value"":131.2,""customerId"":""646703"",""serverTimestamp"":1743607221677}],""msgType"":288,""msgStr"":""AlertAggregatedVoltageSwell120/240/277V"",""deviceTimestamp"":1743607221,""serverTimestamp"":1743607221665}",Vswell,T63263,AES El Salvador,America/El_Salvador (UTC/GMT -6:00),3.0,,0.0,7.0,,,131.1,,131.2,3.041,,3.525,,,
29340.0,862754053334016.0,8.0,AlertVoltageSwell2,Voltage Swell: 120/240/277V,06/24/2025 05:38:02 PM,06/24/2025 11:38:02 AM,06/24/2025 11:38:02 AM,13.746678,-89.362623,1.0,T63263,Nivel de piso,0.0,835.0,,,"{""msgType"":288,""msgStr"":""AlertAggregatedVoltageSwell120/240/277V"",""deviceTimestamp"":1750786684,""serverTimestamp"":1750786682835,""data"":[{""phase"":2,""highestValue"":127.304,""value"":127.304,""averagePeakValue"":127.442,""alertDuration"":12043,""subSecondsDuration"":0,""deviceTimestamp"":1750786684,""receivedAtTimestamp"":1750786682835,""serverTimestamp"":1750786682835,""customerId"":""646703""},{""phase"":1,""lowestValue"":127.303,""highestValue"":127.452,""value"":127.452,""averagePeakValue"":127.641,""alertDuration"":0,""subSecondsDuration"":0,""deviceTimestamp"":1750786684,""receivedAtTimestamp"":1750786682835,""serverTimestamp"":1750786682835,""customerId"":""646703""},{""phase"":3,""lowestValue"":230.597,""highestValue"":2762.662,""value"":2762.662,""averagePeakValue"":652.668,""alertDuration"":0,""subSecondsDuration"":0,""deviceTimestamp"":1750786684,""receivedAtTimestamp"":1750786682835,""serverTimestamp"":1750786682835,""customerId"":""646703""}]}",Vswell,T63263,AES El Salvador,America/El_Salvador (UTC/GMT -6:00),3.0,,0.0,7.0,,,127.452,,127.304,,,0.723,127.641,,127.442
29343.0,862754053334016.0,8.0,AlertVoltageSwell2,Voltage Swell: 120/240/277V,06/24/2025 05:38:12 PM,06/24/2025 11:38:12 AM,06/24/2025 11:38:12 AM,13.746678,-89.362623,1.0,T63263,Nivel de piso,0.0,835.0,,,"{""msgType"":288,""msgStr"":""AlertAggregatedVoltageSwell120/240/277V"",""deviceTimestamp"":1750786693,""serverTimestamp"":1750786692042,""data"":[{""phase"":2,""highestValue"":127.344,""value"":127.344,""averagePeakValue"":127.462,""alertDuration"":11934,""subSecondsDuration"":0,""deviceTimestamp"":1750786693,""receivedAtTimestamp"":1750786692042,""serverTimestamp"":1750786692042,""customerId"":""646703""},{""phase"":1,""lowestValue"":127.313,""highestValue"":127.404,""value"":127.404,""averagePeakValue"":127.621,""alertDuration"":0,""subSecondsDuration"":0,""deviceTimestamp"":1750786693,""receivedAtTimestamp"":1750786692042,""serverTimestamp"":1750786692042,""customerId"":""646703""},{""phase"":3,""lowestValue"":230.597,""highestValue"":2762.662,""value"":2762.662,""averagePeakValue"":652.668,""alertDuration"":0,""subSecondsDuration"":0,""deviceTimestamp"":1750786693,""receivedAtTimestamp"":1750786692042,""serverTimestamp"":1750786692042,""customerId"":""646703""}]}",Vswell,T63263,AES El Salvador,America/El_Salvador (UTC/GMT -6:00),3.0,,0.0,7.0,,,127.404,,127.344,,,0.716,127.621,,127.462
29345.0,862754053334016.0,8.0,AlertVoltageSwell2,Voltage Swell: 120/240/277V,06/24/2025 05:38:32 PM,06/24/2025 11:38:32 AM,06/24/2025 11:38:32 AM,13.746678,-89.362623,1.0,T63263,Nivel de piso,0.0,835.0,,,"{""msgType"":288,""msgStr"":""AlertAggregatedVoltageSwell120/240/277V"",""deviceTimestamp"":1750786713,""serverTimestamp"":1750786712141,""data"":[{""phase"":2,""highestValue"":127.302,""value"":127.302,""averagePeakValue"":127.521,""alertDuration"":12073,""subSecondsDuration"":0,""deviceTimestamp"":1750786713,""receivedAtTimestamp"":1750786712141,""serverTimestamp"":1750786712141,""customerId"":""646703""},{""phase"":1,""lowestValue"":127.346,""highestValue"":127.41,""value"":127.41,""averagePeakValue"":127.681,""alertDuration"":0,""subSecondsDuration"":0,""deviceTimestamp"":1750786713,""receivedAtTimestamp"":1750786712141,""serverTimestamp"":1750786712141,""customerId"":""646703""},{""phase"":3,""lowestValue"":230.597,""highestValue"":2762.662,""value"":2762.662,""averagePeakValue"":652.668,""alertDuration"":0,""subSecondsDuration"":0,""deviceTimestamp"":1750786713,""receivedAtTimestamp"":1750786712141,""serverTimestamp"":1750786712141,""customerId"":""646703""}]}",Vswell,T63263,AES El Salvador,America/El_Salvador (UTC/GMT -6:00),3.0,,0.0,7.0,,,127.41,,127.302,,,0.724,127.681,,127.521
29347.0,862754053334016.0,8.0,AlertVoltageSwell2,Voltage Swell: 120/240/277V,06/24/2025 05:38:38 PM,06/24/2025 11:38:38 AM,06/24/2025 11:38:38 AM,13.746678,-89.362623,1.0,T63263,Nivel de piso,0.0,835.0,,,"{""msgType"":288,""msgStr"":""AlertAggregatedVoltageSwell120/240/277V"",""deviceTimestamp"":1750786719,""serverTimestamp"":1750786717812,""data"":[{""phase"":2,""highestValue"":127.379,""value"":127.379,""averagePeakValue"":127.476,""alertDuration"":28767,""subSecondsDuration"":0,""deviceTimestamp"":1750786719,""receivedAtTimestamp"":1750786717812,""serverTimestamp"":1750786717812,""customerId"":""646703""},{""phase"":1,""lowestValue"":127.309,""highestValue"":127.414,""value"":127.414,""averagePeakValue"":127.626,""alertDuration"":0,""subSecondsDuration"":0,""deviceTimestamp"":1750786719,""receivedAtTimestamp"":1750786717812,""serverTimestamp"":1750786717812,""customerId"":""646703""},{""phase"":3,""lowestValue"":230.597,""highestValue"":2762.662,""value"":2762.662,""averagePeakValue"":652.668,""alertDuration"":0,""subSecondsDuration"":0,""deviceTimestamp"":1750786719,""receivedAtTimestamp"":1750786717812,""serverTimestamp"":1750786717812,""customerId"":""646703""}]}",Vswell,T63263,AES El Salvador,America/El_Salvador (UTC/GMT -6:00),3.0,,0.0,7.0,,,127.414,,127.379,,,1.726,127.626,,127.476
